schema_id,template_id,authored_template_id,category_path,parent_category,leaf_category,sub_category,category_gr,cta_map_key,cta_url,template_status,subcategory_match_policy,match_mode,template_file,fingerprint,n_sections,n_rows_total,last_section,last_label,example_count,first_example
sha1:f6a6b06354520711670993a702aca49de7739f4f,aerioy,aerioy_electronet_labels_v1,HOBBIES > Barbeque > Αερίου,HOBBIES,Barbeque,Αερίου,Αερίου,Αερίου,https://www.etranoulis.gr/hobbies/barbeque/aeriou,active,exact_subcategory,direct_single,resources/templates/electronet/aerioy.json,c6caf2a8efec3de6729050f6d6faf58b83e133e6fcbe21acdf5ad8ed7d4b25ed,2,15,Γενικά Χαρακτηριστικά,Εγγύηση Κατασκευαστή,1,https://www.electronet.gr/gadgets-gaming-hobbies/barbeque/aerioy/psistaria-ygraerioy-weber-spirit-e-335
sha1:e3187ee772b51ad4cdf3f070c07237aec686aa3a,axesoyar_psistarion,axesoyar_psistarion_electronet_labels_v1,HOBBIES > Barbeque > Αξεσουάρ Ψησταριών,HOBBIES,Barbeque,Αξεσουάρ Ψησταριών,Αξεσουάρ Ψησταριών,Αξεσουάρ Ψησταριών,https://www.etranoulis.gr/hobbies/barbeque/aksesouar-pshstariwn,active,exact_subcategory,direct_single,resources/templates/electronet/axesoyar_psistarion.json,a2fc3ef0f1df2cc42d614f87fc1ee3c8b5ddd4f85252d3f2b76a7ab583ef8569,2,5,Γενικά Χαρακτηριστικά,Βάρος,1,https://www.etranoulis.gr/hobbies/barbeque/aksesouar-pshstariwn/fieldmann-fzg-9000-u-doxeio-ekkinhshs-gia-psistaria
sha1:032c0723b26bd3a96ef5048957c1b05c265740c9,karvoynoy,karvoynoy_electronet_labels_v1,HOBBIES > Barbeque > Κάρβουνου,HOBBIES,Barbeque,Κάρβουνου,Κάρβουνου,Κάρβουνου,https://www.etranoulis.gr/hobbies/barbeque/karvounou,active,exact_subcategory,direct_single,resources/templates/electronet/karvoynoy.json,60e992428df909e1881ab4719fa86122c440a86ccac16fa58e6f1e25e1d8f284,1,9,Επισκόπηση Προϊόντος,Εγγύηση Κατασκευαστή,1,https://www.electronet.gr/gadgets-gaming-hobbies/barbeque/karboynoy/psistaria-karboynoy-weber-compact-kettle-57-ek-mayro
sha1:a281ed4db7565bb4e2522055ec77f79e64db863c,electric_scooter,electric_scooter_electronet_labels_v1,HOBBIES > Electric Scooter > -,HOBBIES,Electric Scooter,,ELECTRIC SCOOTER,ELECTRIC SCOOTER,https://www.etranoulis.gr/hobbies/Electric-Scooter,active,exact_subcategory,direct_single,resources/templates/electronet/electric_scooter.json,4552a0996c5f2ba73f17eeb0d2e8375a07bd7c85c3e0eac43b6d4b76fac4a6b9,1,7,Γενικά Χαρακτηριστικά,Εγγύηση Κατασκευαστή,1,https://www.electronet.gr/gadgets-gaming-hobbies/ilektrokinisi/scooter/xiaomi-electric-scooter-4-lite-gen2
sha1:164ce421686962f57c3219cedbbab57e775c443f,playstation,playstation_electronet_labels_v1,HOBBIES > Gaming > Playstation,HOBBIES,Gaming,Playstation,Playstation,Playstation,https://www.etranoulis.gr/hobbies/gaming/playstation,active,exact_subcategory,direct_single,resources/templates/electronet/playstation.json,34148e239e51ca3f54ca5c37b65c20afe4f500fe119a22e55995ca368cc03a62,3,16,Γενικά,Εγγύηση Κατασκευαστή,2,https://www.etranoulis.gr/hobbies/gaming/playstation/sony-ps5-console-pro-ps5pro-2tb-digital
sha1:cd82df42015bec0512c09d0f8bc1d476d58c28ec,wearables,wearables_electronet_labels_v1,HOBBIES > Wearables > -,HOBBIES,Wearables,,WEARABLES,WEARABLES,https://www.etranoulis.gr/hobbies/wearables,active,exact_subcategory,direct_single,resources/templates/electronet/wearables.json,1c8333db2ed92cf0ce8917b29aa7175249ed017c03af62d3f8f1a50507aa483e,1,18,Τεχνικά Χαρακτηριστικά,Εγγύηση Κατασκευαστή,2,https://www.etranoulis.gr/hobbies/wearables/smartband-huawei-band-6-adiavroxo-palmografo-sakura-pink
sha1:200255ff5846720be80c86bb50ade422c22346c9,dvd,dvd_electronet_labels_v1,ΕΙΚΟΝΑ & ΗΧΟΣ > Audio Systems > DVD,ΕΙΚΟΝΑ & ΗΧΟΣ,Audio Systems,DVD,DVD,DVD,https://www.etranoulis.gr/eikona-hxos/audio-systems/dvd,active,exact_subcategory,direct_single,resources/templates/electronet/dvd.json,00ca1080827994a719d3d47585aa740b25e4aa13899a66739055546ac2390001,3,26,Γενικά Χαρακτηριστικά,Διαστάσεις Συσκευής σε Εκατοστά (Υ χ Π χ Β),1,https://www.electronet.gr/eikona-ihos/audio-home-systems/dvd-blurays/dvd-player-philips-taep20012
sha1:8669bc001dddd4bc0dcbf30b0abcc999caf11eea,dvd_blurays,dvd_blurays_electronet_labels_v1,ΕΙΚΟΝΑ & ΗΧΟΣ > Audio Systems > DVD Blurays,ΕΙΚΟΝΑ & ΗΧΟΣ,Audio Systems,DVD Blurays,DVD Blurays,DVD Blurays,https://www.etranoulis.gr/eikona-hxos/audio-systems/dvd-blurays,active,exact_subcategory,direct_single,resources/templates/electronet/dvd_blurays.json,348b385e09d880e91acd02cbfadec448a29ffecff2a1e23c65d19922d76c028e,3,26,Γενικά Χαρακτηριστικά,Διαστάσεις Συσκευής σε Εκατοστά (Υ χ Π χ Β),1,https://www.electronet.gr/eikona-ihos/audio-home-systems/dvd-blurays/blu-ray-player-panasonic-dp-ub820egk
sha1:d4ebbf1b2997e71b4e996eebf9be317255d6467c,hifi,hifi_electronet_labels_v1,ΕΙΚΟΝΑ & ΗΧΟΣ > Audio Systems > Hifi,ΕΙΚΟΝΑ & ΗΧΟΣ,Audio Systems,Hifi,Hifi,Hifi,https://www.etranoulis.gr/eikona-hxos/audio-systems/hifi,active,exact_subcategory,direct_single,resources/templates/electronet/hifi.json,247db0b8046f647695e9e11ea4b18543eb18e7aeeb8cc8cc690db2e451a8d11a,3,27,Διαστάσεις,Βάθος,2,https://www.etranoulis.gr/eikona-hxos/audio-systems/hifi/hxosysthma-mini-panasonic-sc-pm250eg-k
sha1:d628a461c09eb13884b5e3b63ad6fdf5f25c0d08,sound_bars,sound_bars_electronet_labels_v1,ΕΙΚΟΝΑ & ΗΧΟΣ > Audio Systems > Sound Bars,ΕΙΚΟΝΑ & ΗΧΟΣ,Audio Systems,Sound Bars,Sound Bars,Sound Bars,https://www.etranoulis.gr/eikona-hxos/audio-systems/sound-bars,active,exact_subcategory,direct_single,resources/templates/electronet/sound_bars.json,70d2e07c53ce860ad433db1e70585d100002f238b6fb4ff797cb815c79e51026,3,19,Γενικά,Βάρος Συσκευής σε Κιλά,2,https://www.electronet.gr/eikona-ihos/audio-home-systems/sound-bars-docking-stations/soundbar-lg-s30a
sha1:3cb059eb10272d5de1d4fbc120da210223cb362b,enisxytes,enisxytes_electronet_labels_v1,ΕΙΚΟΝΑ & ΗΧΟΣ > Audio Systems > Ενισχυτές,ΕΙΚΟΝΑ & ΗΧΟΣ,Audio Systems,Ενισχυτές,Ενισχυτές,Ενισχυτές,https://www.etranoulis.gr/eikona-hxos/audio-systems/enisxytes,active,exact_subcategory,direct_single,resources/templates/electronet/enisxytes.json,f13f5a73fdd10e201e4125c2cfde381d400879f8eed9c4fcfc356f5c2195e154,3,30,Γενικά Χαρακτηριστικά,Βάθος Συσκευής σε Εκατοστά,1,https://www.electronet.gr/eikona-ihos/audio-home-systems/enishytes/radioenishytis-akai-as110ra-320bt
sha1:5bd45eb87143f4b4b0d0c261c4701e4b19c1f40b,ixeia,ixeia_electronet_labels_v1,ΕΙΚΟΝΑ & ΗΧΟΣ > Audio Systems > Ηχεία,ΕΙΚΟΝΑ & ΗΧΟΣ,Audio Systems,Ηχεία,Ηχεία,Ηχεία,https://www.etranoulis.gr/eikona-hxos/audio-systems/hxeia,active,exact_subcategory,direct_single,resources/templates/electronet/ixeia.json,9301c2fe4aefd3812b1893a3bbc10fee15cbf6fb24baede3c9c15254c1d26072,4,34,Γενικά Χαρακτηριστικά,Διαστάσεις Συσκευής σε Εκατοστά (Υ χ Π χ Β),2,https://www.etranoulis.gr/eikona-hxos/audio-systems/hxeia/forhto-hxeio-akai-abts-0
sha1:61e80377cd87e14c168eb1097243f90c95805493,pikap,pikap_electronet_labels_v1,ΕΙΚΟΝΑ & ΗΧΟΣ > Audio Systems > Πικαπ,ΕΙΚΟΝΑ & ΗΧΟΣ,Audio Systems,Πικαπ,Πικαπ,Πικαπ,https://www.etranoulis.gr/index.php?route=product/category&path=59_100_310,active,exact_subcategory,direct_single,resources/templates/electronet/pikap.json,82f613a991805d8fc8e1d1aae1049f3b3825c6610d5e33ef577559f7d3bfd623,2,16,Γενικά,Χώρα Κατασκευής,1,https://www.electronet.gr/eikona-ihos/audio-home-systems/pikap/pikap-akai-att-11bt
sha1:933b7ba9f1be0dad966a50cf2a0e490524400af2,car_audio,car_audio_electronet_labels_v1,ΕΙΚΟΝΑ & ΗΧΟΣ > Car Audio > -,ΕΙΚΟΝΑ & ΗΧΟΣ,Car Audio,,CAR AUDIO,CAR AUDIO,https://www.etranoulis.gr/eikona-hxos/car-audio,active,exact_subcategory,direct_single,resources/templates/electronet/car_audio.json,a733d9bf299a8a8276d32109871649e886e723fb417922a3456e3ece0f9d14c9,4,24,Γενικά,Χώρα Κατασκευής,1,https://www.electronet.gr/eikona-ihos/car-audio/ihosystimata-aytokinitoy/ihosystima-aytokinitoy-philips-ce235btgrs
sha1:7a180fd652c802aeb75ac02e209ab7b33af3d70c,tv_box,tv_box_electronet_labels_v1,ΕΙΚΟΝΑ & ΗΧΟΣ > Αξεσουάρ > TV Box,ΕΙΚΟΝΑ & ΗΧΟΣ,Αξεσουάρ,TV Box,TV Box,TV Box,https://www.etranoulis.gr/eikona-hxos/eikona-ixos/tv-box,manual_only,exact_subcategory,manual_only,resources/templates/electronet/tv_box.json,949818594e7982f70e3d076671f3c62a29a74fade182c69692262067af0543a1,1,1,TODO,NEEDS_MANUAL_LABELS,0,
sha1:77db79f96bbde1ceb957ced3220fd4bee609057e,tv_control,tv_control_electronet_labels_v1,ΕΙΚΟΝΑ & ΗΧΟΣ > Αξεσουάρ > TV Control,ΕΙΚΟΝΑ & ΗΧΟΣ,Αξεσουάρ,TV Control,TV Control,TV Control,https://www.etranoulis.gr/eikona-hxos/eikona-ixos/tv-control,active,exact_subcategory,direct_single,resources/templates/electronet/tv_control.json,f2e8d9ea25fb1d543f27e3fc2fed6aea15e7b7977a9edca6b8da4718580d15d2,3,6,Διαστάσεις,Βάθος,2,https://www.etranoulis.gr/eikona-hxos/eikona-ixos/tv-control/symvato-thlexeiristhrio-osio-ost-5006-tr
sha1:b4ddef4aca5f90de85f0428c82f512365106786d,keraies,keraies_electronet_labels_v1,ΕΙΚΟΝΑ & ΗΧΟΣ > Αξεσουάρ > Κεραίες,ΕΙΚΟΝΑ & ΗΧΟΣ,Αξεσουάρ,Κεραίες,Κεραίες,Κεραίες,https://www.etranoulis.gr/eikona-hxos/eikona-ixos/keraies,active,exact_subcategory,direct_single,resources/templates/electronet/keraies.json,80255db577dc12b996ad8d92c6952cc7d870dce82550ccf9ae81482bbaf9dd33,2,15,Γενικά Χαρακτηριστικά,Εγγύηση Κατασκευαστή,1,https://www.etranoulis.gr/eikona-hxos/eikona-ixos/keraies/epigeios-psifiakos-dekths-thleorashs-f-u-mpf3473hu
sha1:600cf2c44281c50509e9c127804fb67108cc4660,psifiakoi_apokodikopoiites,psifiakoi_apokodikopoiites_electronet_labels_v1,ΕΙΚΟΝΑ & ΗΧΟΣ > Αξεσουάρ > Ψηφιακοί Αποκωδικοποιητές,ΕΙΚΟΝΑ & ΗΧΟΣ,Αξεσουάρ,Ψηφιακοί Αποκωδικοποιητές,Ψηφιακοί Αποκωδικοποιητές,Ψηφιακοί Αποκωδικοποιητές,https://www.etranoulis.gr/eikona-hxos/eikona-ixos/pshfiakoi-apokwdikopoihtes,active,exact_subcategory,direct_single,resources/templates/electronet/psifiakoi_apokodikopoiites.json,44fa7e4bf79b90a5fbfff68891cd872239f117cf81921fe4e6a5f63f741a5873,3,13,Γενικά,Εγγύηση Κατασκευαστή,1,https://www.electronet.gr/eikona-ihos/axesoyar/epigeioi-psifiakoi-dektes/epigeios-psifiakos-dektis-osio-ost-3545d
sha1:679e1a740a4d6fe6c5069e0d09c2ea3ed685f3c6,epipla,epipla_electronet_labels_v1,ΕΙΚΟΝΑ & ΗΧΟΣ > Βάσεις & Έπιπλα TV > Έπιπλα,ΕΙΚΟΝΑ & ΗΧΟΣ,Βάσεις & Έπιπλα TV,Έπιπλα,Έπιπλα,Έπιπλα,https://www.etranoulis.gr/eikona-hxos/vaseis-epipla-tv/epipla,active,exact_subcategory,direct_single,resources/templates/electronet/epipla.json,77ab6ec69acb1ce32dd6646d67eb11cd4ded7f785db138b25610372ce07b1357,3,5,Διαστάσεις,Βάθος,1,https://www.etranoulis.gr/eikona-hxos/vaseis-epipla-tv/epipla/rafi-toixoy-dmp-drs601
sha1:33ca01eb036e41fc913cb469c86917a0b6f791b5,vaseis,vaseis_electronet_labels_v1,ΕΙΚΟΝΑ & ΗΧΟΣ > Βάσεις & Έπιπλα TV > Βάσεις,ΕΙΚΟΝΑ & ΗΧΟΣ,Βάσεις & Έπιπλα TV,Βάσεις,Βάσεις,Βάσεις,https://www.etranoulis.gr/eikona-hxos/vaseis-epipla-tv/vaseis,active,exact_subcategory,direct_single,resources/templates/electronet/vaseis.json,96c5360d572a6844fb8327606c485f447a7054c5ab3b21a81e6bf78444d402b4,2,18,Διαστάσεις / Βάρος,Μεικτό Βάρος,2,https://www.etranoulis.gr/eikona-hxos/vaseis-epipla-tv/vaseis/kydos-k32-46t-vasi-tileorasis-toichou-32-80-45kg-vesa-600-400
sha1:e92c9fc54faaf35cb2021971152ab992d2d59a7e,fotografikes,fotografikes_electronet_labels_v1,ΕΙΚΟΝΑ & ΗΧΟΣ > Κάμερες > Φωτογραφικές,ΕΙΚΟΝΑ & ΗΧΟΣ,Κάμερες,Φωτογραφικές,Φωτογραφικές,Φωτογραφικές,https://www.etranoulis.gr/eikona-hxos/kameres/fwtografikes,active,exact_subcategory,direct_single,resources/templates/electronet/fotografikes.json,9c288d591c57a293c4615745e3385c31eb7e92e54549240fbe1d699ee2612227,3,28,Γενικά,Χώρα Κατασκευής,1,https://www.electronet.gr/eikona-ihos/fotografikes-mihanes/mirrorless/fotografiki-mihani-nikon-z-50-kit-dx-16-50mm-f35-63-vr
sha1:5a22c5333f6b176e971f1c0386ff01f50db5249e,psifiakes_kornizes,psifiakes_kornizes_electronet_labels_v1,ΕΙΚΟΝΑ & ΗΧΟΣ > Κάμερες > Ψηφιακές κορνίζες,ΕΙΚΟΝΑ & ΗΧΟΣ,Κάμερες,Ψηφιακές κορνίζες,Ψηφιακές κορνίζες,Ψηφιακές κορνίζες,https://www.etranoulis.gr/eikona-hxos/kameres/digital-frames,active,exact_subcategory,direct_single,resources/templates/electronet/psifiakes_kornizes.json,a62f161ccfdee8e6201d564542f2744c67f18f1dd6ee2227003dbb66bb0acd63,2,11,Γενικά,Εγγύηση Κατασκευαστή,1,https://www.electronet.gr/eikona-ihos/fotografikes-mihanes/psifiakes-kornizes/psifiaki-korniza-sencor-sdf-874-b-8-mayro
sha1:0e4ef19599bb0d01bddaa8501ee81189e8b2b85d,tileoraseis,tileoraseis_electronet_labels_v1,ΕΙΚΟΝΑ & ΗΧΟΣ > Τηλεοράσεις > -,ΕΙΚΟΝΑ & ΗΧΟΣ,Τηλεοράσεις,,Τηλεοράσεις,Τηλεοράσεις,https://www.etranoulis.gr/eikona-hxos/thleoraseis,active,leaf_family,direct_single,resources/templates/electronet/tileoraseis.json,1dd51a0eca8d077bca7d7eb038719b943cc1db57e08e83c1c0675daa1619a79b,4,31,Γενικά,Διαστάσεις Συσκευής σε Εκατοστά με Βάση (Υ × Π × Β),0,
sha1:58cf4f7531345d27aee72a7b56bb7772163311ca,radio_cd,radio_cd_electronet_labels_v1,ΕΙΚΟΝΑ & ΗΧΟΣ > Φορητά > Radio CD,ΕΙΚΟΝΑ & ΗΧΟΣ,Φορητά,Radio CD,Radio CD,Radio CD,https://www.etranoulis.gr/eikona-hxos/foritsa/radio-cd,active,exact_subcategory,direct_single,resources/templates/electronet/radio_cd.json,c71159cf1d675c763f6d33e3d7359cd2d322fe2ea7fee249830918178f76a468,2,17,Γενικά,Χώρα Κατασκευής,1,https://www.electronet.gr/eikona-ihos/foritos-ihos/radiocd/radio-cd-lenco-scd-420-asimi?v=24362
sha1:e7d38785a89d921b39a82c8d356fd5fc938189eb,radiofona,radiofona_electronet_labels_v1,ΕΙΚΟΝΑ & ΗΧΟΣ > Φορητά > Ραδιόφωνα,ΕΙΚΟΝΑ & ΗΧΟΣ,Φορητά,Ραδιόφωνα,Ραδιοφώνα,Ραδιοφώνα,https://www.etranoulis.gr/eikona-hxos/foritsa/radiofwna,active,exact_subcategory,direct_single,resources/templates/electronet/radiofona.json,af63dc2d9681e7c492e63c640661b266496c70c6172ba901bae39bd5cbec7bd1,3,13,Διαστάσεις,Βάθος,2,https://www.etranoulis.gr/eikona-hxos/foritsa/radiofwna/radiofono-analogiko-muse-m-025R
sha1:af26605d5d0539bdddda38279da76602e4f8eff4,anemistires,anemistires_electronet_labels_v1,ΚΛΙΜΑΤΙΣΜΟΣ ΘΕΡΜΑΝΣΗ > Ανεμιστήρες > -,ΚΛΙΜΑΤΙΣΜΟΣ ΘΕΡΜΑΝΣΗ,Ανεμιστήρες,,ΑΝΕΜΙΣΤΗΡΕΣ,ΑΝΕΜΙΣΤΗΡΕΣ,https://www.etranoulis.gr/klimatismos-thermansi/anemisthres,active,exact_subcategory,direct_single,resources/templates/electronet/anemistires.json,967070af030e1152c2cbdce31cccfd63e8da33811978f3a98fce45232faa902b,2,18,Γενικά Χαρακτηριστικά,Εγγύηση Κατασκευαστή,2,https://www.etranoulis.gr/klimatismos-thermansi/anemisthres/estia-anemistiras-orofis-fos-tilecheiristirio-asimi
sha1:3fe712a36e66b41e87d44a6ae0233325446953cc,air_coolers_epidapedioi,air_coolers_epidapedioi_electronet_labels_v1,ΚΛΙΜΑΤΙΣΜΟΣ ΘΕΡΜΑΝΣΗ > Ανεμιστήρες > Air Coolers & Επιδαπέδιοι,ΚΛΙΜΑΤΙΣΜΟΣ ΘΕΡΜΑΝΣΗ,Ανεμιστήρες,Air Coolers & Επιδαπέδιοι,Air Coolers & Επιδαπέδιοι,Air Coolers & Επιδαπέδιοι,https://www.etranoulis.gr/klimatismos-thermansi/anemisthres/aircoolers-epidapedioi,active,exact_subcategory,direct_single,resources/templates/electronet/air_coolers_epidapedioi.json,77745d58485cd8bd67b99607adba6b6455b9e5f38dcad43d6ea5dee03db8ce7b,2,18,Γενικά Χαρακτηριστικά,Εγγύηση Κατασκευαστή,2,https://www.etranoulis.gr/klimatismos-thermansi/anemisthres/aircoolers-epidapedioi/air-cooler-olimpia-splendid-peler-4t
sha1:b488370934936377124bc5c49e3ccb028ffe9d0c,mini,mini_electronet_labels_v1,ΚΛΙΜΑΤΙΣΜΟΣ ΘΕΡΜΑΝΣΗ > Ανεμιστήρες > Mini,ΚΛΙΜΑΤΙΣΜΟΣ ΘΕΡΜΑΝΣΗ,Ανεμιστήρες,Mini,Mini,Mini,https://www.etranoulis.gr/index.php?route=product/category&path=194_196_304,active,exact_subcategory,direct_single,resources/templates/electronet/mini.json,e45fe69e55e09d9e72bae53552ded2a80a049044c007e45d8b007b2053a9271a,2,18,Γενικά Χαρακτηριστικά,Εγγύηση Κατασκευαστή,1,https://www.etranoulis.gr/primo-prmf-80427-anemistiraki
sha1:1674681caef802e2aee6cd23b8b7a903acd7968b,epitrapezioi,epitrapezioi_electronet_labels_v1,ΚΛΙΜΑΤΙΣΜΟΣ ΘΕΡΜΑΝΣΗ > Ανεμιστήρες > Επιτραπέζιοι,ΚΛΙΜΑΤΙΣΜΟΣ ΘΕΡΜΑΝΣΗ,Ανεμιστήρες,Επιτραπέζιοι,Επιτραπέζιοι,Επιτραπέζιοι,https://www.etranoulis.gr/klimatismos-thermansi/anemisthres/epitrapezioi,active,exact_subcategory,direct_single,resources/templates/electronet/epitrapezioi.json,35db630d6729be2098b6d2a735f8fcfeba84c43d0f030668d8cc9b7ddd96777f,2,18,Γενικά Χαρακτηριστικά,Εγγύηση Κατασκευαστή,2,https://www.etranoulis.gr/klimatismos-thermansi/anemisthres/epitrapezioi/anemistras-honeywell-ht900e4-box-fan-40w-26cm
sha1:3ed6dc2583b483b9ca0313d6b099e52151e7519a,orthostatis,orthostatis_electronet_labels_v1,ΚΛΙΜΑΤΙΣΜΟΣ ΘΕΡΜΑΝΣΗ > Ανεμιστήρες > Ορθοστάτης,ΚΛΙΜΑΤΙΣΜΟΣ ΘΕΡΜΑΝΣΗ,Ανεμιστήρες,Ορθοστάτης,Ορθοστάτης,Ορθοστάτης,https://www.etranoulis.gr/klimatismos-thermansi/anemisthres/orthostatis,active,exact_subcategory,direct_single,resources/templates/electronet/orthostatis.json,59d7896dc5a5cd3a30a22fe168327eef85a04e9461000da7e73d3c351c197506,2,18,Γενικά Χαρακτηριστικά,Εγγύηση Κατασκευαστή,2,https://www.etranoulis.gr/klimatismos-thermansi/anemisthres/orthostatis/anemistiras-orthostaths-primo-prsf-80560
sha1:c07731c51168c7b40c02140865bf616a365c3cc6,orofis,orofis_electronet_labels_v1,ΚΛΙΜΑΤΙΣΜΟΣ ΘΕΡΜΑΝΣΗ > Ανεμιστήρες > Οροφής,ΚΛΙΜΑΤΙΣΜΟΣ ΘΕΡΜΑΝΣΗ,Ανεμιστήρες,Οροφής,Οροφής,Οροφής,https://www.etranoulis.gr/klimatismos-thermansi/anemisthres/orofhs,active,exact_subcategory,direct_single,resources/templates/electronet/orofis.json,e1181d57b6314c80824b352e5d3632a3f09cc012e44adc6adcbadbc1564110cd,2,18,Γενικά Χαρακτηριστικά,Εγγύηση Κατασκευαστή,2,https://www.etranoulis.gr/klimatismos-thermansi/anemisthres/orofhs/estia-anemistiras-orofis-fos-tilecheiristirio-asimi
sha1:2466111a73c196ae727be58b3b46a38394f19e59,anemisthres_an_toixou,anemisthres_an_toixou_electronet_labels_v1,ΚΛΙΜΑΤΙΣΜΟΣ ΘΕΡΜΑΝΣΗ > Ανεμιστήρες > Τοίχου,ΚΛΙΜΑΤΙΣΜΟΣ ΘΕΡΜΑΝΣΗ,Ανεμιστήρες,Τοίχου,Τοίχου,Τοίχου,https://www.etranoulis.gr/klimatismos-thermansi/anemisthres/an-toixou,active,exact_subcategory,direct_single,resources/templates/electronet/anemisthres_an_toixou.json,9ebaff364d732294e83163dcd0dec738ba8664e7ef8c4946c1b656f323eabf94,3,5,Διαστάσεις,Διάμετρος,1,https://www.etranoulis.gr/klimatismos-thermansi/anemisthres/an-toixou/epaggelmatikos-anemisthras-toixoy-160w-50cm-hobby-hwf-80610
sha1:293cc0f2cfbf39bb0360257cda576140f03fd69b,ydronefosis,ydronefosis_electronet_labels_v1,ΚΛΙΜΑΤΙΣΜΟΣ ΘΕΡΜΑΝΣΗ > Ανεμιστήρες > Υδρονέφωσης,ΚΛΙΜΑΤΙΣΜΟΣ ΘΕΡΜΑΝΣΗ,Ανεμιστήρες,Υδρονέφωσης,Υδρονέφωσης,Υδρονέφωσης,https://www.etranoulis.gr/index.php?route=product/category&path=194_196_305,active,exact_subcategory,direct_single,resources/templates/electronet/ydronefosis.json,f077599ae4d05eca1c3e5bd57458a7841321521bf26f9e0ad4b36647501974c0,2,18,Γενικά Χαρακτηριστικά,Εγγύηση Κατασκευαστή,1,https://www.etranoulis.gr/primo-anemistiras-ydronefosis-prmf-80413-mavro
sha1:32d13476d880bbfd3ae37c21ac5cc54a9b11200f,antlies_thermotitas,antlies_thermotitas_electronet_labels_v1,ΚΛΙΜΑΤΙΣΜΟΣ ΘΕΡΜΑΝΣΗ > Αντλίες Θερμότητας > -,ΚΛΙΜΑΤΙΣΜΟΣ ΘΕΡΜΑΝΣΗ,Αντλίες Θερμότητας,,ΑΝΤΛΙΕΣ ΘΕΡΜΟΤΗΤΑΣ,ΑΝΤΛΙΕΣ ΘΕΡΜΟΤΗΤΑΣ,https://www.etranoulis.gr/klimatismos-thermansi/antlies-therm,active,exact_subcategory,direct_single,resources/templates/electronet/antlies_thermotitas.json,eba8c22700d3b87dcdc4465526b23a588fa50bf17b9944e61b9d4a16fa565090,4,23,Γενικά,Εγγύηση Κατασκευαστή,1,https://www.etranoulis.gr/klimatismos-thermansi/antlies-therm/toyotomi-hydria-plus-thmusg416-3r32
sha1:0971eeb87fd3fc48df2be7242bd0af92c6a15495,axesoyar_afygransis,axesoyar_afygransis_electronet_labels_v1,ΚΛΙΜΑΤΙΣΜΟΣ ΘΕΡΜΑΝΣΗ > Αφύγρανση Ιονιστές > Αξεσουάρ Αφύγρανσης,ΚΛΙΜΑΤΙΣΜΟΣ ΘΕΡΜΑΝΣΗ,Αφύγρανση Ιονιστές,Αξεσουάρ Αφύγρανσης,Αξεσουάρ Αφύγρανσης,Αξεσουάρ Αφύγρανσης,https://www.etranoulis.gr/klimatismos-thermansi/afygransh-ionistes/axeouar-afigranshs,active,exact_subcategory,direct_single,resources/templates/electronet/axesoyar_afygransis.json,1b7b74928d9ca17d64d4ef2f6f6212508da38b36e7ebfc29c95191ae8b7df974,2,5,Γενικά Χαρακτηριστικά,Συμβατότητα Inventor,2,https://www.etranoulis.gr/klimatismos-thermansi/afygransh-ionistes/axeouar-afigranshs/inventor-filtro-afygranthra-atm-25l-f-atmosphere
sha1:e35576dce187b28f318389d1ec722465b8584da0,afygrantires,afygrantires_electronet_labels_v1,ΚΛΙΜΑΤΙΣΜΟΣ ΘΕΡΜΑΝΣΗ > Αφύγρανση Ιονιστές > Αφυγραντήρες,ΚΛΙΜΑΤΙΣΜΟΣ ΘΕΡΜΑΝΣΗ,Αφύγρανση Ιονιστές,Αφυγραντήρες,Αφυγραντήρες,Αφυγραντήρες,https://www.etranoulis.gr/klimatismos-thermansi/afygransh-ionistes/afygranthres,active,exact_subcategory,direct_single,resources/templates/electronet/afygrantires.json,15a509955afffe69cf9c74a8ba35907b191bf4565eb6e901d5e55ebc39120b05,4,28,Γενικά χαρακτηριστικά,Εγγύηση Κατασκευαστή,2,https://www.etranoulis.gr/klimatismos-thermansi/afygransh-ionistes/afygranthres/afygrantiras-inventor-melody-mdionwd20l-20lt-ionistis-wifi
sha1:6ec2656bd801acf19878caade8c8fc69cf430679,katharistes_aera_ionistes,katharistes_aera_ionistes_electronet_labels_v1,ΚΛΙΜΑΤΙΣΜΟΣ ΘΕΡΜΑΝΣΗ > Αφύγρανση Ιονιστές > Καθαριστές Αέρα Ιονιστές,ΚΛΙΜΑΤΙΣΜΟΣ ΘΕΡΜΑΝΣΗ,Αφύγρανση Ιονιστές,Καθαριστές Αέρα Ιονιστές,Καθαριστές Αέρα Ιονιστές,Καθαριστές Αέρα Ιονιστές,https://www.etranoulis.gr/klimatismos-thermansi/afygransh-ionistes/katharistes-aera-ionistes,active,exact_subcategory,direct_single,resources/templates/electronet/katharistes_aera_ionistes.json,369e163f2f34bd54bd300f928c7a4684d8720adfc116e9f23c76797578c77375,3,14,Γενικά Χαρακτηριστικά,Εγγύηση προμηθευτή,1,https://www.electronet.gr/klimatismos-thermansi/afygransi-katharismos-aera/katharistes-aera-ionistes/katharistis-aera-inventor-qlt-500
sha1:a2b036aa0df4f9cd0cf4eb2af88f734ba71ec05d,entomoapothitika,entomoapothitika_electronet_labels_v1,ΚΛΙΜΑΤΙΣΜΟΣ ΘΕΡΜΑΝΣΗ > Εντομοαπωθητικά > -,ΚΛΙΜΑΤΙΣΜΟΣ ΘΕΡΜΑΝΣΗ,Εντομοαπωθητικά,,ΕΝΤΟΜΟΑΠΩΘΗΤΙΚΑ,ΕΝΤΟΜΟΑΠΩΘΗΤΙΚΑ,https://www.etranoulis.gr/klimatismos-thermansi/entomoapothitika,active,exact_subcategory,direct_single,resources/templates/electronet/entomoapothitika.json,ecaf28a71232848bb01beea533a9b2e865032ae7bb2c69f7aaca238c1f0dc0e1,3,6,Διαστάσεις,Βάθος,1,https://www.etranoulis.gr/klimatismos-thermansi/entomoapothitika/hlektrikh-entomopagida-primo-vn-01-60w
sha1:ee2d4229f39aa14ec83ead5a2e67608a6bd90059,iliakoi_thermosifones,iliakoi_thermosifones_electronet_labels_v1,ΚΛΙΜΑΤΙΣΜΟΣ ΘΕΡΜΑΝΣΗ > Ηλιακοί Θερμοσίφωνες > -,ΚΛΙΜΑΤΙΣΜΟΣ ΘΕΡΜΑΝΣΗ,Ηλιακοί Θερμοσίφωνες,,ΗΛΙΑΚΟΙ ΘΕΡΜΟΣΙΦΩΝΕΣ,ΗΛΙΑΚΟΙ ΘΕΡΜΟΣΙΦΩΝΕΣ,https://www.etranoulis.gr/klimatismos-thermansi/hliakoi-thermosifones,active,exact_subcategory,direct_single,resources/templates/electronet/iliakoi_thermosifones.json,283ebebb6cb92b70553d05e211db997328fdf0936615d3a80629955701adac35,1,9,Επισκόπηση Προϊόντος,Εγγύηση προμηθευτή,1,https://www.electronet.gr/klimatismos-thermansi/thermosifones/hliakoi-thermosifones/iliakos-thermosifonas-pyramis-premium-160lt-diplis-energeias-1x23m2
sha1:206762c8d1345213a83268c2ea95527cb9e4166d,aerotherma,aerotherma_electronet_labels_v1,ΚΛΙΜΑΤΙΣΜΟΣ ΘΕΡΜΑΝΣΗ > Θερμαντικά > Αερόθερμα,ΚΛΙΜΑΤΙΣΜΟΣ ΘΕΡΜΑΝΣΗ,Θερμαντικά,Αερόθερμα,Αερόθερμα,Αερόθερμα,https://www.etranoulis.gr/klimatismos-thermansi/thermantika/aerotherma,active,exact_subcategory,direct_single,resources/templates/electronet/aerotherma.json,02220a9f1c1a6493dca54eba484c012e2e624a516acde16216aed3a49d98a13a,2,20,Γενικά Χαρακτηριστικά,Χρώμα,2,https://www.etranoulis.gr/klimatismos-thermansi/thermantika/aerotherma/kerosun-aerothermo-domatioy-dapedou-kfh-19c-1000w
sha1:3e31a94f35670109d8eaf413bf757d2cf1e67d6f,ilektrika_ypostromata,ilektrika_ypostromata_electronet_labels_v1,ΚΛΙΜΑΤΙΣΜΟΣ ΘΕΡΜΑΝΣΗ > Θερμαντικά > Ηλεκτρικά Υποστρώματα,ΚΛΙΜΑΤΙΣΜΟΣ ΘΕΡΜΑΝΣΗ,Θερμαντικά,Ηλεκτρικά Υποστρώματα,Ηλεκτρικά Υποστρώματα,Ηλεκτρικά Υποστρώματα,https://www.etranoulis.gr/index.php?route=product/category&path=194_197_311,active,exact_subcategory,direct_single,resources/templates/electronet/ilektrika_ypostromata.json,06bfdd39c7e1c087e21c28185627e9eb16f272ff1f14a8e3740dd67d0f1749a7,4,17,Γενικά Χαρακτηριστικά,Εγγύηση Κατασκευαστή,1,https://www.electronet.gr/klimatismos-thermansi/thermantika/ilektrikes-koybertes/ypostroma-solac-norway-ct8627
sha1:7760334a31b67f6837c72d28c89d615d729a2024,ilektrikes_koyvertes,ilektrikes_koyvertes_electronet_labels_v1,ΚΛΙΜΑΤΙΣΜΟΣ ΘΕΡΜΑΝΣΗ > Θερμαντικά > Ηλεκτρικές Κουβέρτες,ΚΛΙΜΑΤΙΣΜΟΣ ΘΕΡΜΑΝΣΗ,Θερμαντικά,Ηλεκτρικές Κουβέρτες,Ηλεκτρικές Κουβέρτες,Ηλεκτρικές Κουβέρτες,https://www.etranoulis.gr/klimatismos-thermansi/thermantika/hlektrikes-kouvertes,active,exact_subcategory,direct_single,resources/templates/electronet/ilektrikes_koyvertes.json,714a5311b8e29e22ba2a388e34c932b6a4f9300373f5d854c4ab9618ba731cb0,4,17,Γενικά Χαρακτηριστικά,Εγγύηση Κατασκευαστή,1,https://www.etranoulis.gr/klimatismos-thermansi/thermantika/hlektrikes-kouvertes/hlektrikh-koyberta-monh-plenomenh-imetec-relaxy-334238
sha1:5f832996b312e5da9dcea2ce3fc2f05259b4e5cd,thermastres_carbon,thermastres_carbon_electronet_labels_v1,ΚΛΙΜΑΤΙΣΜΟΣ ΘΕΡΜΑΝΣΗ > Θερμαντικά > Θερμάστρες Carbon,ΚΛΙΜΑΤΙΣΜΟΣ ΘΕΡΜΑΝΣΗ,Θερμαντικά,Θερμάστρες Carbon,Θερμάστρες Carbon,Θερμάστρες Carbon,https://www.etranoulis.gr/index.php?route=product/category&path=194_197_312,active,exact_subcategory,direct_single,resources/templates/electronet/thermastres_carbon.json,b23523f550d8aafac2bed386523b12f1926a6061383b6604c904e79b07bc9bde,2,17,Γενικά Χαρακτηριστικά,Εγγύηση προμηθευτή,1,https://www.electronet.gr/klimatismos-thermansi/thermantika/alogonoy-halazia/thermastra-primo-carbon-prch-81032-900-watt
sha1:6a7e0115d9f93d45ca2d0b6e881806a9c9a8b788,thermastres_petrelaioy,thermastres_petrelaioy_electronet_labels_v1,ΚΛΙΜΑΤΙΣΜΟΣ ΘΕΡΜΑΝΣΗ > Θερμαντικά > Θερμάστρες Πετρελαίου,ΚΛΙΜΑΤΙΣΜΟΣ ΘΕΡΜΑΝΣΗ,Θερμαντικά,Θερμάστρες Πετρελαίου,Θερμάστρες Πετρελαίου,Θερμάστρες Πετρελαίου,https://www.etranoulis.gr/klimatismos-thermansi/thermantika/thermastres-petrelaiou,active,exact_subcategory,direct_single,resources/templates/electronet/thermastres_petrelaioy.json,bc9ef16ebb6f735f50a4b3ccd3b70bac2c4781a2de3852ebc8ba69fc58971dc5,2,9,Γενικά Χαρακτηριστικά,Χρώμα,1,https://www.electronet.gr/klimatismos-thermansi/thermantika/thermastres-petrelaioy/thermastra-petrelaioy-kerosun-inventer-lc-56
sha1:a3420a9c733eee1c3b6025f4e345d5274b12bff7,thermantika_ygraerioy,thermantika_ygraerioy_electronet_labels_v1,ΚΛΙΜΑΤΙΣΜΟΣ ΘΕΡΜΑΝΣΗ > Θερμαντικά > Θερμαντικά Υγραερίου,ΚΛΙΜΑΤΙΣΜΟΣ ΘΕΡΜΑΝΣΗ,Θερμαντικά,Θερμαντικά Υγραερίου,Θερμαντικά Υγραερίου,Θερμαντικά Υγραερίου,https://www.etranoulis.gr/klimatismos-thermansi/thermantika/thermantika-ygraeriou,active,exact_subcategory,direct_single,resources/templates/electronet/thermantika_ygraerioy.json,8e96d2968629e3a84ef007ff523e4487ccbe6aacb088ba582094c395f148217d,1,11,Γενικά,Ύψος,1,https://www.etranoulis.gr/klimatismos-thermansi/thermantika/thermantika-ygraeriou/bronx=bl-4200c-keramiki_sompa-4200W
sha1:cc328da42987deda50b22ee30fe6ee9057b09c02,thermopompoi,thermopompoi_electronet_labels_v1,ΚΛΙΜΑΤΙΣΜΟΣ ΘΕΡΜΑΝΣΗ > Θερμαντικά > Θερμοπομποί,ΚΛΙΜΑΤΙΣΜΟΣ ΘΕΡΜΑΝΣΗ,Θερμαντικά,Θερμοπομποί,Θερμοπομποί,Θερμοπομποί,https://www.etranoulis.gr/klimatismos-thermansi/thermantika/thermopompoi,active,exact_subcategory,direct_single,resources/templates/electronet/thermopompoi.json,19050d1404a92906ac7a5335831be73d212aebb0eebebc40571e3b30f80aa9cd,3,21,Γενικά,Εγγύηση προμηθευτή,2,https://www.etranoulis.gr/klimatismos-thermansi/thermantika/thermopompoi/rohnson-r-087-genius-wi-fi-thermopompos-mica-2000w-mayro
sha1:9944ff816b3ef8b95601ec993cc67ef7c38701b4,kalorifer,kalorifer_electronet_labels_v1,ΚΛΙΜΑΤΙΣΜΟΣ ΘΕΡΜΑΝΣΗ > Θερμαντικά > Καλοριφέρ,ΚΛΙΜΑΤΙΣΜΟΣ ΘΕΡΜΑΝΣΗ,Θερμαντικά,Καλοριφέρ,Καλοριφέρ,Καλοριφέρ,https://www.etranoulis.gr/klimatismos-thermansi/thermantika/kalorifer,active,exact_subcategory,direct_single,resources/templates/electronet/kalorifer.json,40cd6546b9c3487ebe85c7e33d0828ce896e64851a4a37898f5804cd8b90a46e,2,17,Γενικά Χαρακτηριστικά,Βάρος συσκευής σε κιλά,1,https://www.electronet.gr/klimatismos-thermansi/thermantika/kalorifer-ladioy/kalorifer-ladioy-delonghi-trdx4-1025e-2500-watt
sha1:6c5e1b90b919f52fe8d00ba2d9edaafdf6c238e2,xalazia,xalazia_electronet_labels_v1,ΚΛΙΜΑΤΙΣΜΟΣ ΘΕΡΜΑΝΣΗ > Θερμαντικά > Χαλαζία,ΚΛΙΜΑΤΙΣΜΟΣ ΘΕΡΜΑΝΣΗ,Θερμαντικά,Χαλαζία,Χαλαζία,Χαλαζία,https://www.etranoulis.gr/klimatismos-thermansi/thermantika/xalazia,active,exact_subcategory,direct_single,resources/templates/electronet/xalazia.json,e60b4c59d8717e6751ffbe124bc8b8cef1e2d48de0017d35a07c22c364baadfa,2,17,Γενικά Χαρακτηριστικά,Εγγύηση προμηθευτή,1,https://www.etranoulis.gr/klimatismos-thermansi/thermantika/xalazia/thermastra-xalazia-primo-prqh-81051-1600w-2-epipeda-asfaleia
sha1:53d36eac94f2e7f3456855776ae38b0f5a20e7c0,klimatistika,klimatistika_electronet_labels_v1,ΚΛΙΜΑΤΙΣΜΟΣ ΘΕΡΜΑΝΣΗ > Κλιματιστικά > -,ΚΛΙΜΑΤΙΣΜΟΣ ΘΕΡΜΑΝΣΗ,Κλιματιστικά,,Κλιματιστικά,Κλιματιστικά,https://www.etranoulis.gr/klimatismos-thermansi/klimatistika,active,exact_subcategory,direct_single,resources/templates/electronet/klimatistika.json,b2edbc15c8e7359e4422b94f0cd16ab7848233502ee816024a37d2e7fa0b3e37,7,40,Γενικά Χαρακτηριστικά,Χώρα κατασκευής,2,https://www.etranoulis.gr/klimatismos-thermansi/klimatistika/bosch-serie-6-asi18aw31-aso18aw31-klimatistiko-18000btu-a-plus-plus-a-plus
sha1:17702a04704e05a704b98e35ccaf43fcda307bf6,axesoyar_klimatistikon,axesoyar_klimatistikon_electronet_labels_v1,ΚΛΙΜΑΤΙΣΜΟΣ ΘΕΡΜΑΝΣΗ > Κλιματιστικά > Αξεσουάρ Κλιματιστικών,ΚΛΙΜΑΤΙΣΜΟΣ ΘΕΡΜΑΝΣΗ,Κλιματιστικά,Αξεσουάρ Κλιματιστικών,Αξεσουάρ Κλιματιστικών,Αξεσουάρ Κλιματιστικών,https://www.etranoulis.gr/klimatismos-thermansi/klimatistika/aksesouar-klimatistikwn,manual_only,exact_subcategory,manual_only,resources/templates/electronet/axesoyar_klimatistikon.json,4b6fe66973a4b5b0d148d61b315931bfaed44b0e5075eafda6a45cd71d34e780,1,1,TODO,NEEDS_MANUAL_LABELS,0,
sha1:b4db79bf6808680ebf82affa112a178df12b94d7,ntoylapes,ntoylapes_electronet_labels_v1,ΚΛΙΜΑΤΙΣΜΟΣ ΘΕΡΜΑΝΣΗ > Κλιματιστικά > Ντουλάπες,ΚΛΙΜΑΤΙΣΜΟΣ ΘΕΡΜΑΝΣΗ,Κλιματιστικά,Ντουλάπες,Ντουλάπες,Ντουλάπες,https://www.etranoulis.gr/klimatismos-thermansi/klimatistika/ntoulapes,active,exact_subcategory,direct_single,resources/templates/electronet/ntoylapes.json,c7e9e176ea0e0c809d59c05e6e31456e84f8470ab5c1564160bc8ecf3f82f1b6,7,40,Γενικά Χαρακτηριστικά,Χώρα κατασκευής,1,https://www.electronet.gr/klimatismos-thermansi/klimatistika/ntoylapes/ac-inventor-v6fi-60v6fo-60-48000-btu
sha1:623b1eb793d26176ad391cdf287ac8cd5cf7f759,toixoy,toixoy_electronet_labels_v1,ΚΛΙΜΑΤΙΣΜΟΣ ΘΕΡΜΑΝΣΗ > Κλιματιστικά > Τοίχου,ΚΛΙΜΑΤΙΣΜΟΣ ΘΕΡΜΑΝΣΗ,Κλιματιστικά,Τοίχου,Τοίχου,Τοίχου,https://www.etranoulis.gr/klimatismos-thermansi/klimatistika/toixou,active,exact_subcategory,direct_single,resources/templates/electronet/toixoy.json,34b40612d3cb775e47215ea43fc5fecda9163739745151807dc12cdb859c7a26,7,40,Γενικά Χαρακτηριστικά,Χώρα κατασκευής,2,https://www.etranoulis.gr/klimatismos-thermansi/klimatistika/toixou/bosch-serie-6-asi18aw31-aso18aw31-klimatistiko-18000btu-a-plus-plus-a-plus
sha1:987219efe1f4c08a696a12d8f7deff810e1547d2,forita,forita_electronet_labels_v1,ΚΛΙΜΑΤΙΣΜΟΣ ΘΕΡΜΑΝΣΗ > Κλιματιστικά > Φορητά,ΚΛΙΜΑΤΙΣΜΟΣ ΘΕΡΜΑΝΣΗ,Κλιματιστικά,Φορητά,Φορητά,Φορητά,https://www.etranoulis.gr/klimatismos-thermansi/klimatistika/forita,active,exact_subcategory,direct_single,resources/templates/electronet/forita.json,eb54e87e80b8e6df2a29f2a16ccb407483cf8a78140b7bdd7a54a020311faf85,7,40,Γενικά Χαρακτηριστικά,Χώρα κατασκευής,2,https://www.etranoulis.gr/klimatismos-thermansi/klimatistika/forita/forito-klimatistiko-inventor-magic-m3gco290-09-9000btu
sha1:3943ddd78c2ad76147c2cbc60c024abc21466273,axesoyar_oikiakon_syskeyon,axesoyar_oikiakon_syskeyon_electronet_labels_v1,ΟΙΚΙΑΚΕΣ ΣΥΣΚΕΥΕΣ > Αξεσουάρ Οικιακών Συσκευών > -,ΟΙΚΙΑΚΕΣ ΣΥΣΚΕΥΕΣ,Αξεσουάρ Οικιακών Συσκευών,,Αξεσουάρ Οικιακών Συσκευών,Αξεσουάρ Οικιακών Συσκευών,https://www.etranoulis.gr/oikiakes-syskeues/aksesouar-oikiakwn-syskeuwn,active,exact_subcategory,direct_single,resources/templates/electronet/axesoyar_oikiakon_syskeyon.json,98cd40d15de17a3b9f210b0e0a8800bf60d4c65245c2eb6920a73b5d9af2b1b2,3,5,Διαστάσεις,Βάθος,2,https://www.etranoulis.gr/oikiakes-syskeues/aksesouar-oikiakwn-syskeuwn/set-leitoyrgeias-anakykloshs-aera-aporrofhthra-bosch-dsz4565
sha1:3cdbbef148abc8b523bec832dfd18263ece0e9c0,aporrofitires,aporrofitires_electronet_labels_v1,ΟΙΚΙΑΚΕΣ ΣΥΣΚΕΥΕΣ > Απορροφητήρες > -,ΟΙΚΙΑΚΕΣ ΣΥΣΚΕΥΕΣ,Απορροφητήρες,,Απορροφητήρες,Απορροφητήρες,https://www.etranoulis.gr/oikiakes-syskeues/aporrofhthres,active,exact_subcategory,direct_single,resources/templates/electronet/aporrofitires.json,c84aa8bb99bbd663e4d0af881a8dc63c31a731d1e39f2201d919b30c4a0e54a2,3,26,Γενικά Χαρακτηριστικά,Εγγύηση Κατασκευαστή,2,https://www.etranoulis.gr/oikiakes-syskeues/aporrofhthres/folding-hood-bosch-dem66ac00-gray-60-cm
sha1:a87d9b150ccedc34b311b9395f27519f35c567b6,esties,esties_electronet_labels_v1,ΟΙΚΙΑΚΕΣ ΣΥΣΚΕΥΕΣ > Εντοιχιζόμενες Συσκευές > Εστίες,ΟΙΚΙΑΚΕΣ ΣΥΣΚΕΥΕΣ,Εντοιχιζόμενες Συσκευές,Εστίες,Εστίες,Εστίες,https://www.etranoulis.gr/oikiakes-syskeues/entoixizomenes-syskeues/esties,active,exact_subcategory,direct_single,resources/templates/electronet/esties.json,3db7b987286392881ac79e842bf7ac0068cbe80fcafec375435e94390f28f849,4,30,Γενικά Χαρακτηριστικά,Εγγύηση Κατασκευαστή,2,https://www.etranoulis.gr/oikiakes-syskeues/entoixizomenes-syskeues/esties/keramikh-estia-bosch-nkf645ga2e
sha1:a26f3e823ea6afa6e02ee5453f9c2f03c020c581,entoixizomenoi_katapsyktes,entoixizomenoi_katapsyktes_electronet_labels_v1,ΟΙΚΙΑΚΕΣ ΣΥΣΚΕΥΕΣ > Εντοιχιζόμενες Συσκευές > Καταψύκτες,ΟΙΚΙΑΚΕΣ ΣΥΣΚΕΥΕΣ,Εντοιχιζόμενες Συσκευές,Καταψύκτες,Εντοιχιζόμενοι Καταψύκτες,Εντοιχιζόμενοι Καταψύκτες,https://www.etranoulis.gr/oikiakes-syskeues/entoixizomenes-syskeues/en-katapsyktes,active,exact_subcategory,direct_single,resources/templates/electronet/entoixizomenoi_katapsyktes.json,38875439969b7a17603f06f018d2bc2fc3dd50e8ac5fde37d264b165c9b966b3,4,31,Γενικά Χαρακτηριστικά,Εγγύηση Κατασκευαστή,1,https://www.electronet.gr/oikiakes-syskeyes/entoihizomenes/katapsyktes/katapsyktis-orthios-liebherr-sifne-5108-e
sha1:751f5fd45736db6e5c78a618e736c93a96645813,entoixizomena_mikrokymaton,entoixizomena_mikrokymaton_electronet_labels_v1,ΟΙΚΙΑΚΕΣ ΣΥΣΚΕΥΕΣ > Εντοιχιζόμενες Συσκευές > Μικροκυμάτων,ΟΙΚΙΑΚΕΣ ΣΥΣΚΕΥΕΣ,Εντοιχιζόμενες Συσκευές,Μικροκυμάτων,Εντοιχιζόμενα Μικροκυμάτων,Εντοιχιζόμενα Μικροκυμάτων,https://www.etranoulis.gr/oikiakes-syskeues/entoixizomenes-syskeues/mikrokymatwn,active,exact_subcategory,direct_single,resources/templates/electronet/entoixizomena_mikrokymaton.json,20151a89afe19d89a43c2abc93e7523b5d1bb7fb576419faca253f41884ff13a,4,28,Γενικά Χαρακτηριστικά,Εγγύηση Κατασκευαστή,2,https://www.etranoulis.gr/oikiakes-syskeues/entoixizomenes-syskeues/mikrokymatwn/foyrnos-entoihizomenos-bosch-BEL7321B1
sha1:7a7ac48d6ecb591fc9ded17f8262dceb001cb128,entoixizomena_plyntiria_piaton,entoixizomena_plyntiria_piaton_electronet_labels_v1,ΟΙΚΙΑΚΕΣ ΣΥΣΚΕΥΕΣ > Εντοιχιζόμενες Συσκευές > Πλυντήρια Πιάτων,ΟΙΚΙΑΚΕΣ ΣΥΣΚΕΥΕΣ,Εντοιχιζόμενες Συσκευές,Πλυντήρια Πιάτων,Εντοιχιζόμενα Πλυντήρια Πιάτων,Εντοιχιζόμενα Πλυντήρια Πιάτων,https://www.etranoulis.gr/oikiakes-syskeues/entoixizomenes-syskeues/en-plynthria-piatwn,active,exact_subcategory,direct_single,resources/templates/electronet/entoixizomena_plyntiria_piaton.json,7743d091e5a967ffbaa6be6086f34899d47ee57828c6805d6a17bc76806a1505,5,25,Γενικά χαρακτηριστικά,Διαστάσεις Συσκευής σε Εκατοστά (Υ χ Π χ Β),2,https://www.etranoulis.gr/oikiakes-syskeues/entoixizomenes-syskeues/en-plynthria-piatwn/Entoixizomeno-plynthrio-piaton-Bosch-SMI4ECS08E-60cm
sha1:f9736fc21b622377932b47f13cccca0541776129,entoixizomena_plyntiria_royxon,entoixizomena_plyntiria_royxon_electronet_labels_v1,ΟΙΚΙΑΚΕΣ ΣΥΣΚΕΥΕΣ > Εντοιχιζόμενες Συσκευές > Πλυντήρια Ρούχων,ΟΙΚΙΑΚΕΣ ΣΥΣΚΕΥΕΣ,Εντοιχιζόμενες Συσκευές,Πλυντήρια Ρούχων,Εντοιχιζόμενα Πλυντήρια Ρούχων,Εντοιχιζόμενα Πλυντήρια Ρούχων,https://www.etranoulis.gr/oikiakes-syskeues/entoixizomenes-syskeues/en-plynthria-rouxwn,active,exact_subcategory,direct_single,resources/templates/electronet/entoixizomena_plyntiria_royxon.json,b1dd4d748dc09190bc408b1d8f46c3a105c75f83d73a69a5cf2d534759103130,5,35,Γενικά χαρακτηριστικά,Βάθος Συσκευής σε Εκατοστά,1,https://www.electronet.gr/oikiakes-syskeyes/entoihizomenes/plyntiria-royhon/plyntirio-royhon-bosch-wiw28542eu-8-kg-c
sha1:d2700cb0f29970e0eea8bb420915f1c1911a3a71,set_foyrnoi_kai_esties,set_foyrnoi_kai_esties_electronet_labels_v1,ΟΙΚΙΑΚΕΣ ΣΥΣΚΕΥΕΣ > Εντοιχιζόμενες Συσκευές > Σετ Φούρνοι και Εστίες,ΟΙΚΙΑΚΕΣ ΣΥΣΚΕΥΕΣ,Εντοιχιζόμενες Συσκευές,Σετ Φούρνοι και Εστίες,Σετ Φούρνοι και Εστίες,Σετ Φούρνοι και Εστίες,https://www.etranoulis.gr/oikiakes-syskeues/entoixizomenes-syskeues/Set-fournoi-esties,active,exact_subcategory,direct_single,resources/templates/electronet/set_foyrnoi_kai_esties.json,adf7f2fef9cd8e69cf87245b3277e55ee8da514b7cb723b4cea48e97379f4e8b,7,37,Εγγύηση,Εγγύηση Κατασκευαστή,1,https://www.etranoulis.gr/oikiakes-syskeues/entoixizomenes-syskeues/Set-fournoi-esties/set-bosch-heg537bs4-nkf645ga2e-fournos-estia
sha1:a5ada7b3cbca265e72442764a28970c39d91d102,entoixizomenoi_foyrnoi,entoixizomenoi_foyrnoi_electronet_labels_v1,ΟΙΚΙΑΚΕΣ ΣΥΣΚΕΥΕΣ > Εντοιχιζόμενες Συσκευές > Φούρνοι,ΟΙΚΙΑΚΕΣ ΣΥΣΚΕΥΕΣ,Εντοιχιζόμενες Συσκευές,Φούρνοι,Εντοιχιζόμενοι Φούρνοι,Εντοιχιζόμενοι Φούρνοι,https://www.etranoulis.gr/oikiakes-syskeues/entoixizomenes-syskeues/fournoi,active,exact_subcategory,direct_single,resources/templates/electronet/entoixizomenoi_foyrnoi.json,22b6ec444e38f3e76862c908d8e9feeb3455b6511630cbe8710a6fb312f729bc,6,31,Γενικά χαρακτηριστικά,Εγγύηση Κατασκευαστή,2,https://www.etranoulis.gr/oikiakes-syskeues/entoixizomenes-syskeues/fournoi/fournos-entoixizomenos-bosch-hba272bb3
sha1:d51981dcf489c633bdda8c860e39ea9c409072ea,entoixizomena_psygeia,entoixizomena_psygeia_electronet_labels_v1,ΟΙΚΙΑΚΕΣ ΣΥΣΚΕΥΕΣ > Εντοιχιζόμενες Συσκευές > Ψυγεία,ΟΙΚΙΑΚΕΣ ΣΥΣΚΕΥΕΣ,Εντοιχιζόμενες Συσκευές,Ψυγεία,Εντοιχιζόμενα Ψυγεία,Εντοιχιζόμενα Ψυγεία,https://www.etranoulis.gr/oikiakes-syskeues/entoixizomenes-syskeues/ent-psygeia,active,exact_subcategory,direct_single,resources/templates/electronet/entoixizomena_psygeia.json,3f7bfa72df48f6cf12fc7692e9ffb969eb7af587bee6099e14d3e39541383c0f,5,52,Γενικά χαρακτηριστικά,Εγγύηση Κατασκευαστή,1,https://www.etranoulis.gr/oikiakes-syskeues/entoixizomenes-syskeues/ent-psygeia/entoixizomenos-psygiokatapsikths-bosch-KBN96VFE0-leykos-e
sha1:fcf6a1c459feb328784777c75640a01ac0799b1c,koyzines,koyzines_electronet_labels_v1,ΟΙΚΙΑΚΕΣ ΣΥΣΚΕΥΕΣ > Κουζίνες > -,ΟΙΚΙΑΚΕΣ ΣΥΣΚΕΥΕΣ,Κουζίνες,,Κουζίνες,Κουζίνες,https://www.etranoulis.gr/oikiakes-syskeues/kouzines,active,leaf_family,direct_single,resources/templates/electronet/koyzines.json,3ed2693c44a4b94ff6687b4c8dac878e823383b6c32c0e16c16f0c3857ac685c,4,30,Γενικά Χαρακτηριστικά,Πλάτος Συσκευής σε Εκατοστά,2,https://www.etranoulis.gr/oikiakes-syskeues/kouzines/kitchen-ceramics-bosch-serie-4-hkr390020-white-a
sha1:203721e8b49543e31ba8b6161a5bcf3a96f9cbb1,plyntiria_piaton,plyntiria_piaton_electronet_labels_v1,ΟΙΚΙΑΚΕΣ ΣΥΣΚΕΥΕΣ > Πλυντήρια Πιάτων > -,ΟΙΚΙΑΚΕΣ ΣΥΣΚΕΥΕΣ,Πλυντήρια Πιάτων,,Πλυντήρια Πιάτων,Πλυντήρια Πιάτων,https://www.etranoulis.gr/oikiakes-syskeues/plynthria-piatwn,active,leaf_family,direct_single,resources/templates/electronet/plyntiria_piaton.json,889502c197042b55147b27e7397ef08d69547fedb19c18500639fa701dcf1217,5,24,Γενικά χαρακτηριστικά,Διαστάσεις Συσκευής σε Εκατοστά (Υ χ Π χ Β),2,https://www.etranoulis.gr/oikiakes-syskeues/plynthria-piatwn/bosch-sks2iti00e-epitrapezio-plynthrio-piaton-55cm-inox-e
sha1:4ac3dea18da7478c5ca073e99a70b9ad95791c1c,plyntiria_rouxwn,plyntiria_rouxwn_electronet_labels_v1,ΟΙΚΙΑΚΕΣ ΣΥΣΚΕΥΕΣ > Πλυντήρια-Στεγνωτήρια > Πλυντήρια Ρούχων,ΟΙΚΙΑΚΕΣ ΣΥΣΚΕΥΕΣ,Πλυντήρια-Στεγνωτήρια,Πλυντήρια Ρούχων,Πλυντήρια Ρούχων,Πλυντήρια Ρούχων,https://www.etranoulis.gr/oikiakes-syskeues/plynthria-stegnwthria/plynthria-rouxwn,active,exact_subcategory,direct_single,resources/templates/electronet/plyntiria_rouxwn.json,bf7f194bb049bcada5f8e85aa86824b39a2c84ec89c18f77a1f1f9d9515f04da,5,35,Γενικά χαρακτηριστικά,Βάθος Συσκευής σε Εκατοστά,0,
sha1:eef61e8b47b1641386d1fc20327ae83d6d038ec6,plyntiria_stegnwthria_2in1,plyntiria_stegnwthria_2in1_electronet_labels_v1,ΟΙΚΙΑΚΕΣ ΣΥΣΚΕΥΕΣ > Πλυντήρια-Στεγνωτήρια > Πλυντήρια Στεγνωτήρια 2 in1,ΟΙΚΙΑΚΕΣ ΣΥΣΚΕΥΕΣ,Πλυντήρια-Στεγνωτήρια,Πλυντήρια Στεγνωτήρια 2 in1,Πλυντήρια - Στεγνωτήρια 2 in 1,Πλυντήρια - Στεγνωτήρια 2 in 1,https://www.etranoulis.gr/oikiakes-syskeues/plynthria-stegnwthria/plynthria-stegnwthria-2-1,active,exact_subcategory,direct_single,resources/templates/electronet/plyntiria_stegnwthria_2in1.json,a046582d22707b272d5bcb82f395a2e73c94cd81b1a7c7ece8e9262458707817,4,28,Γενικά Χαρακτηριστικά,Εγγύηση Κατασκευαστή,0,
sha1:5c5337294fb2e57bbd37e3bfe8ac9c08af0429ac,stegnotiria_rouxwn,stegnotiria_rouxwn,ΟΙΚΙΑΚΕΣ ΣΥΣΚΕΥΕΣ > Πλυντήρια-Στεγνωτήρια > Στεγνωτήρια Ρούχων,ΟΙΚΙΑΚΕΣ ΣΥΣΚΕΥΕΣ,Πλυντήρια-Στεγνωτήρια,Στεγνωτήρια Ρούχων,Στεγνωτήρια Ρούχων,Στεγνωτήρια Ρούχων,https://www.etranoulis.gr/oikiakes-syskeues/plynthria-stegnwthria/stegnwthria-rouxwn,active,exact_subcategory,direct_single,resources/templates/electronet/stegnotiria_rouxwn.json,ccc94227f80df3c4f8ec4f4661310b24a6b0213d736f9a897bddd36ce2db7398,4,28,Γενικά Χαρακτηριστικά,Εγγύηση Κατασκευαστή,1,https://www.electronet.gr/oikiakes-syskeyes/plyntiria-stegnotiria/stegnotiria/stegnotirio-royhon-bosch-wqg243b9gr-9-kg-c
sha1:240c6d5c4ddfa08b3f516133fece9b5b65b58155,foyrnoi_mikrokymaton,foyrnoi_mikrokymaton_electronet_labels_v1,ΟΙΚΙΑΚΕΣ ΣΥΣΚΕΥΕΣ > Φούρνοι Μικροκυμάτων > -,ΟΙΚΙΑΚΕΣ ΣΥΣΚΕΥΕΣ,Φούρνοι Μικροκυμάτων,,Φούρνοι Μικροκυμάτων,Φούρνοι Μικροκυμάτων,https://www.etranoulis.gr/oikiakes-syskeues/fournoi-mikrokymatwn,active,leaf_family,direct_single,resources/templates/electronet/foyrnoi_mikrokymaton.json,c569ee58d62fbf68647e2a8a46b4256e7c1547f5e3bf0c0da834d972c523c34d,5,32,Γενικά χαρακτηριστικά,Εγγύηση Κατασκευαστή,2,https://www.etranoulis.gr/oikiakes-syskeues/fournoi-mikrokymatwn/fournos-mikrokymaton-me-grill-FEL023MS2-20lt-mayros
sha1:ace8f4db0f16528cfdbe85873718cbad1f7f22c5,katapsyktes,katapsyktes_electronet_labels_v1,ΟΙΚΙΑΚΕΣ ΣΥΣΚΕΥΕΣ > Ψυγεία & Καταψύκτες > Καταψύκτες,ΟΙΚΙΑΚΕΣ ΣΥΣΚΕΥΕΣ,Ψυγεία & Καταψύκτες,Καταψύκτες,Καταψύκτες,Καταψύκτες,https://www.etranoulis.gr/oikiakes-syskeues/psygeia-katapsyktes/katapsyktes,active,exact_subcategory,direct_single,resources/templates/electronet/katapsyktes.json,84566326bf084aaee9a37c0bcc6ee631ed5b140c353e561fc07b3bee197053a4,4,32,Γενικά Χαρακτηριστικά,Εγγύηση Κατασκευαστή,2,https://www.etranoulis.gr/oikiakes-syskeues/psygeia-katapsyktes/katapsyktes/katapsyktis-mpaoylo-eskimo-es-frc150ime-143lt-e-inverter
sha1:dd7708d26bcd85b56c7898fca74eaa511832322e,psygeia,psygeia_electronet_labels_v1,ΟΙΚΙΑΚΕΣ ΣΥΣΚΕΥΕΣ > Ψυγεία & Καταψύκτες > Ψυγεία,ΟΙΚΙΑΚΕΣ ΣΥΣΚΕΥΕΣ,Ψυγεία & Καταψύκτες,Ψυγεία,Ψυγεία,Ψυγεία,https://www.etranoulis.gr/oikiakes-syskeues/psygeia-katapsyktes/psygeia,active,exact_subcategory,direct_single,resources/templates/electronet/psygeia.json,608f673db37fcc1f1479e2abbb36f7f4bbf1bd87f5b151b633ad56bce8ef215d,5,52,Γενικά Χαρακτηριστικά,Εγγύηση Κατασκευαστή,2,https://www.etranoulis.gr/oikiakes-syskeues/psygeia-katapsyktes/psygeia/eskimo-psygeio-mini-bar-es-r1d90ses-asimi-e
sha1:8ee808ad8e1b79759cfca134bfd54a7f61774f33,psygeiokatapsyktes,psygeiokatapsyktes_electronet_labels_v1,ΟΙΚΙΑΚΕΣ ΣΥΣΚΕΥΕΣ > Ψυγεία & Καταψύκτες > Ψυγειοκαταψύκτες,ΟΙΚΙΑΚΕΣ ΣΥΣΚΕΥΕΣ,Ψυγεία & Καταψύκτες,Ψυγειοκαταψύκτες,Ψυγειοκαταψύκτες,Ψυγειοκαταψύκτες,https://www.etranoulis.gr/oikiakes-syskeues/psygeia-katapsyktes/psygeiokatapsyktes,active,exact_subcategory,direct_single,resources/templates/electronet/psygeiokatapsyktes.json,f5d503e2c3d34e02bc24564ff32dab6fb33346c80a5a556c0b2e40e84188222b,5,52,Γενικά χαρακτηριστικά,Εγγύηση Κατασκευαστή,1,https://www.electronet.gr/oikiakes-syskeyes/psygeia-katapsyktes/psygeiokatapsyktes/psygeiokatapsyktis-lg-gbbw726cev-anthraki-c
sha1:ecf3f44eaebcf89ba258818d1a880f5b0dc795a3,axesoyar_analosima_thermos,axesoyar_analosima_thermos_electronet_labels_v1,ΟΙΚΙΑΚΟΣ ΕΞΟΠΛΙΣΜΟΣ > Καφές-Ροφήματα-Χυμοί > Αξεσουάρ-Αναλώσιμα-Θερμός,ΟΙΚΙΑΚΟΣ ΕΞΟΠΛΙΣΜΟΣ,Καφές-Ροφήματα-Χυμοί,Αξεσουάρ-Αναλώσιμα-Θερμός,Αξεσουάρ-Αναλώσιμα-Θερμός,Αξεσουάρ-Αναλώσιμα-Θερμός,https://www.etranoulis.gr/oikiakos-eksoplismos/kafes-rofhmata-xhmoi/kaf-aksesouar-analwsima-thermos,active,exact_subcategory,direct_single,resources/templates/electronet/axesoyar_analosima_thermos.json,ad09ea6a46f00b7c427a42e18be86e21cfd18e9159dc4bbef4ba82baf010262c,2,6,Γενικά Χαρακτηριστικά,Χρώμα,2,https://www.etranoulis.gr/oikiakos-eksoplismos/kafes-rofhmata-xhmoi/kaf-aksesouar-analwsima-thermos/fiali-ygraeriou-gia-gazaki-campingaz-elgreco-cv470
sha1:62d97665364bdffdce2cb6b12b9fbba59984bfce,apoxymotes,apoxymotes_electronet_labels_v1,ΟΙΚΙΑΚΟΣ ΕΞΟΠΛΙΣΜΟΣ > Καφές-Ροφήματα-Χυμοί > Αποχυμωτές,ΟΙΚΙΑΚΟΣ ΕΞΟΠΛΙΣΜΟΣ,Καφές-Ροφήματα-Χυμοί,Αποχυμωτές,Αποχυμωτές,Αποχυμωτές,https://www.etranoulis.gr/oikiakos-eksoplismos/kafes-rofhmata-xhmoi/apoxymwtes,active,exact_subcategory,direct_single,resources/templates/electronet/apoxymotes.json,cf0e744ad7d4cef89ffa00cc6b7ef5aa0558f58029b6e53624300023637b5be1,3,19,Γενικά Χαρακτηριστικά,Εγγύηση Κατασκευαστή,2,https://www.etranoulis.gr/oikiakos-eksoplismos/kafes-rofhmata-xhmoi/apoxymwtes/rohnson-r-439-apoxymotis-1200w-stomio-85mm-kanata-0-75lt
sha1:c35dc98b6c8551bb63444b31bddadf26aab71306,kafetieres_espresso,kafetieres_espresso_electronet_labels_v1,ΟΙΚΙΑΚΟΣ ΕΞΟΠΛΙΣΜΟΣ > Καφές-Ροφήματα-Χυμοί > Καφετιέρες Espresso,ΟΙΚΙΑΚΟΣ ΕΞΟΠΛΙΣΜΟΣ,Καφές-Ροφήματα-Χυμοί,Καφετιέρες Espresso,Καφετιέρες Espresso,Καφετιέρες Espresso,https://www.etranoulis.gr/oikiakos-eksoplismos/kafes-rofhmata-xhmoi/kafetieres-espresso,active,exact_subcategory,direct_single,resources/templates/electronet/kafetieres_espresso.json,ae08f5c28fb8b72dc616c80650824e471a039ceb0f9e0cba622ea1644351479b,2,25,Γενικά Χαρακτηριστικά,Εγγύηση Κατασκευαστή,2,https://www.etranoulis.gr/oikiakos-eksoplismos/kafes-rofhmata-xhmoi/kafetieres-espresso/kafetiera-espresso-delonghi-magnifica-s-ecam22115b-mayro-automati-15bar
sha1:e87f207d4ae6a90bb2e4e7a128dd4c7611a93a14,kafetieres_filtroy,kafetieres_filtroy_electronet_labels_v1,ΟΙΚΙΑΚΟΣ ΕΞΟΠΛΙΣΜΟΣ > Καφές-Ροφήματα-Χυμοί > Καφετιέρες Φίλτρου,ΟΙΚΙΑΚΟΣ ΕΞΟΠΛΙΣΜΟΣ,Καφές-Ροφήματα-Χυμοί,Καφετιέρες Φίλτρου,Καφετιέρες Φίλτρου,Καφετιέρες Φίλτρου,https://www.etranoulis.gr/oikiakos-eksoplismos/kafes-rofhmata-xhmoi/kafetieres-filtrou,active,exact_subcategory,direct_single,resources/templates/electronet/kafetieres_filtroy.json,fd3e759c5bdd6565c92915561ea6ef6d7071f63a77d194f081fc953c7ed7f867,3,18,Γενικά Χαρακτηριστικά,Εγγύηση Κατασκευαστή,2,https://www.etranoulis.gr/oikiakos-eksoplismos/kafes-rofhmata-xhmoi/kafetieres-filtrou/kafetiera-filtrou-gallikou-rohnson-mod-r-929
sha1:7587665f28c88477b4178c334219d06c9c66e1eb,styptiria,styptiria_electronet_labels_v1,ΟΙΚΙΑΚΟΣ ΕΞΟΠΛΙΣΜΟΣ > Καφές-Ροφήματα-Χυμοί > Στυπτήρια,ΟΙΚΙΑΚΟΣ ΕΞΟΠΛΙΣΜΟΣ,Καφές-Ροφήματα-Χυμοί,Στυπτήρια,Στυπτήρια,Στυπτήρια,https://www.etranoulis.gr/oikiakos-eksoplismos/kafes-rofhmata-xhmoi/stypthria,active,exact_subcategory,direct_single,resources/templates/electronet/styptiria.json,6914ff1a85eb1fa7265c8dc284189bd73222f61e980e47f8f2fd4e33b670a55b,3,19,Γενικά Χαρακτηριστικά,Εγγύηση Κατασκευαστή,1,https://www.etranoulis.gr/oikiakos-eksoplismos/kafes-rofhmata-xhmoi/stypthria/hlektrikos-lemonostyfths-bosch-MCP72GPW-40W
sha1:4319759389a6ea26a862818fe3711c385e3fa544,frapieres,frapieres_electronet_labels_v1,ΟΙΚΙΑΚΟΣ ΕΞΟΠΛΙΣΜΟΣ > Καφές-Ροφήματα-Χυμοί > Φραπιέρες,ΟΙΚΙΑΚΟΣ ΕΞΟΠΛΙΣΜΟΣ,Καφές-Ροφήματα-Χυμοί,Φραπιέρες,Φραπιέρες,Φραπιέρες,https://www.etranoulis.gr/oikiakos-eksoplismos/kafes-rofhmata-xhmoi/frapieres,active,exact_subcategory,direct_single,resources/templates/electronet/frapieres.json,17cf5854bdfe1c04c7f8148ded2fc515f8b919d4ffa778165ab98d9b75e559eb,1,8,Επισκόπηση Προϊόντος,Εγγύηση Κατασκευαστή,1,https://www.electronet.gr/exoplismos-spitioy/kafes-hymoi-rofimata/frapieres-ilektrika-mprikia/frapiera-rohnson-mod-r-4410-asimi
sha1:d5f9ec76f2f60cbc501fa514b86e9e93752df630,artoparaskeyastes,artoparaskeyastes_electronet_labels_v1,ΟΙΚΙΑΚΟΣ ΕΞΟΠΛΙΣΜΟΣ > Μικροί Μάγειρες > Αρτοπαρασκευαστές,ΟΙΚΙΑΚΟΣ ΕΞΟΠΛΙΣΜΟΣ,Μικροί Μάγειρες,Αρτοπαρασκευαστές,Αρτοπαρασκευαστές,Αρτοπαρασκευαστές,https://www.etranoulis.gr/oikiakos-eksoplismos/mikroi-mageires/artoparaskeuastes,active,exact_subcategory,direct_single,resources/templates/electronet/artoparaskeyastes.json,908efbcd065d32a794fccea16dd69a8ab14621f56009af3e51dda450e0c75f11,3,18,Γενικά Χαρακτηριστικά,Εγγύηση Κατασκευαστή,1,https://www.electronet.gr/exoplismos-spitioy/mikroi-mageires/artoparaskeyastes/artoparaskeyastis-tefal-pain-dore-pf2101
sha1:532210a196c709101ef9cb4732e1129db4f11895,atmomageires,atmomageires_electronet_labels_v1,ΟΙΚΙΑΚΟΣ ΕΞΟΠΛΙΣΜΟΣ > Μικροί Μάγειρες > Ατμομάγειρες,ΟΙΚΙΑΚΟΣ ΕΞΟΠΛΙΣΜΟΣ,Μικροί Μάγειρες,Ατμομάγειρες,Ατμομάγειρες,Ατμομάγειρες,https://www.etranoulis.gr/oikiakos-eksoplismos/mikroi-mageires/atmomageires,active,exact_subcategory,direct_single,resources/templates/electronet/atmomageires.json,4034b7423643a909baf39b67f16bc7280ca396ed62e1d62e24b23c7db9f4a3ae,3,19,Γενικά Χαρακτηριστικά,Εγγύηση Κατασκευαστή,1,https://www.electronet.gr/exoplismos-spitioy/mikroi-mageires/atmomageires/atmomageiras-braun-fs-3000wh-tributecollection-leyko
sha1:b7eaa6b91539391fa8e9f87dc40fe5968ed97858,mikroi_mageires_esties_small,mikroi_mageires_esties_small_electronet_labels_v1,ΟΙΚΙΑΚΟΣ ΕΞΟΠΛΙΣΜΟΣ > Μικροί Μάγειρες > Εστίες,ΟΙΚΙΑΚΟΣ ΕΞΟΠΛΙΣΜΟΣ,Μικροί Μάγειρες,Εστίες,Εστίες,Εστίες,https://www.etranoulis.gr/oikiakos-eksoplismos/mikroi-mageires/esties_small,active,exact_subcategory,direct_single,resources/templates/electronet/mikroi_mageires_esties_small.json,4a5181a39e1282e31f3111a65187b6393f196ad382e410f107cd63f68cc31b3e,3,5,Διαστάσεις,Βάθος,1,https://www.etranoulis.gr/oikiakos-eksoplismos/mikroi-mageires/esties_small/estia-hlektrikh-rohnson-mod-r-2410
sha1:4a792500820218e77f6e4e252c6d283374f6945a,pagotomixanes,pagotomixanes_electronet_labels_v1,ΟΙΚΙΑΚΟΣ ΕΞΟΠΛΙΣΜΟΣ > Μικροί Μάγειρες > Παγωτομηχανές,ΟΙΚΙΑΚΟΣ ΕΞΟΠΛΙΣΜΟΣ,Μικροί Μάγειρες,Παγωτομηχανές,Παγωτομηχανές,Παγωτομηχανές,https://www.etranoulis.gr/oikiakos-eksoplismos/mikroi-mageires/pagwtomhxanes,active,exact_subcategory,direct_single,resources/templates/electronet/pagotomixanes.json,b7311f546ec00b51a35859c282f16cceed547684584fbf42e9219fb344b29513,1,9,Επισκόπηση Προϊόντος,Διαστάσεις Συσκευής σε Εκατοστά (Υ χ Π χ Β),1,https://www.electronet.gr/exoplismos-spitioy/mikroi-mageires/pagotomihanes-giaoyrtomihanes/pagotomihani-ninja-nc300eu-800-watt
sha1:ad3a924200aea062ee6755c18d6b7ce5f467761c,paraskeyastis_pop_korn,paraskeyastis_pop_korn_electronet_labels_v1,ΟΙΚΙΑΚΟΣ ΕΞΟΠΛΙΣΜΟΣ > Μικροί Μάγειρες > Παρασκευαστής Ποπ Κορν,ΟΙΚΙΑΚΟΣ ΕΞΟΠΛΙΣΜΟΣ,Μικροί Μάγειρες,Παρασκευαστής Ποπ Κορν,Παρασκευαστής Ποπ Κορν,Παρασκευαστής Ποπ Κορν,https://www.etranoulis.gr/oikiakos-eksoplismos/mikroi-mageires/popcorn-maker,manual_only,exact_subcategory,manual_only,resources/templates/electronet/paraskeyastis_pop_korn.json,5abda9ad4d419bb327f34f852950127f4e498e192e53628e819ad6407d8fc7ff,1,1,TODO,NEEDS_MANUAL_LABELS,0,
sha1:53ed434fafd77b1adc2c44900ed9e9b95df6a6f1,tostieres,tostieres_electronet_labels_v1,ΟΙΚΙΑΚΟΣ ΕΞΟΠΛΙΣΜΟΣ > Μικροί Μάγειρες > Τοστιέρες,ΟΙΚΙΑΚΟΣ ΕΞΟΠΛΙΣΜΟΣ,Μικροί Μάγειρες,Τοστιέρες,Τοστιέρες,Τοστιέρες,https://www.etranoulis.gr/oikiakos-eksoplismos/mikroi-mageires/tostieres,active,exact_subcategory,direct_single,resources/templates/electronet/tostieres.json,f842a5f222ac18f83ed2d7c00e7f665e536c57ffb76f6ceee1e0a0552d747783,3,19,Γενικά Χαρακτηριστικά,Εγγύηση Κατασκευαστή,2,https://www.etranoulis.gr/oikiakos-eksoplismos/mikroi-mageires/tostieres/tostiera-braun-sm-5001-br
sha1:af57d9e20e9ecedbf9538785c7075afcba2f3bda,foyrnakia,foyrnakia_electronet_labels_v1,ΟΙΚΙΑΚΟΣ ΕΞΟΠΛΙΣΜΟΣ > Μικροί Μάγειρες > Φουρνάκια,ΟΙΚΙΑΚΟΣ ΕΞΟΠΛΙΣΜΟΣ,Μικροί Μάγειρες,Φουρνάκια,Φουρνάκια,Φουρνάκια,https://www.etranoulis.gr/oikiakos-eksoplismos/mikroi-mageires/fournakia,active,exact_subcategory,direct_single,resources/templates/electronet/foyrnakia.json,ce93272835a9ea26bc0bf5d7c8c375ac1a5d1160e29901580c6802f21d07d053,3,22,Γενικά Χαρακτηριστικά,Εγγύηση Κατασκευαστή,2,https://www.etranoulis.gr/oikiakos-eksoplismos/mikroi-mageires/fournakia/davoline-star-4508-fournaki-me-esties-38lt-3150w-3esties
sha1:24a0f9136b5ac84ff6573c07200199c2c65e22fd,fritezes,fritezes_electronet_labels_v1,ΟΙΚΙΑΚΟΣ ΕΞΟΠΛΙΣΜΟΣ > Μικροί Μάγειρες > Φριτέζες,ΟΙΚΙΑΚΟΣ ΕΞΟΠΛΙΣΜΟΣ,Μικροί Μάγειρες,Φριτέζες,Φριτέζες,Φριτέζες,https://www.etranoulis.gr/oikiakos-eksoplismos/mikroi-mageires/fritezes,active,exact_subcategory,direct_single,resources/templates/electronet/fritezes.json,a7580121c0f55f3aeb3f717ca656e12cf1f8d3431445022a7c00b553453df96d,2,18,Γενικά Χαρακτηριστικά,Εγγύηση Κατασκευαστή,2,https://www.electronet.gr/oikiakos-eksoplismos/mikroi-mageires/fritezes/forma-mageirematos-air-fryer-rohnson-AF02
sha1:7af36f37c4b744dc9e0ec3e128d511849ec62caf,fryganieres,fryganieres_electronet_labels_v1,ΟΙΚΙΑΚΟΣ ΕΞΟΠΛΙΣΜΟΣ > Μικροί Μάγειρες > Φρυγανιέρες,ΟΙΚΙΑΚΟΣ ΕΞΟΠΛΙΣΜΟΣ,Μικροί Μάγειρες,Φρυγανιέρες,Φρυγανιέρες,Φρυγανιέρες,https://www.etranoulis.gr/oikiakos-eksoplismos/mikroi-mageires/fryganieres,active,exact_subcategory,direct_single,resources/templates/electronet/fryganieres.json,f82b31a0fddb7338f9b0e845673cbd267a026cc0e2e0a00d416097babaef0a0e,3,18,Γενικά Χαρακτηριστικά,Εγγύηση Κατασκευαστή,2,https://www.etranoulis.gr/oikiakos-eksoplismos/mikroi-mageires/fryganieres/fryganiera-philips-hd2640-10
sha1:56876482ac780e1ff67a6b42d2d27eea76a47e45,psistieres_gkrilieres,psistieres_gkrilieres_electronet_labels_v1,ΟΙΚΙΑΚΟΣ ΕΞΟΠΛΙΣΜΟΣ > Μικροί Μάγειρες > Ψηστιέρες - Γκριλιέρες,ΟΙΚΙΑΚΟΣ ΕΞΟΠΛΙΣΜΟΣ,Μικροί Μάγειρες,Ψηστιέρες - Γκριλιέρες,Ψηστιέρες - Γκριλιέρες,Ψηστιέρες - Γκριλιέρες,https://www.etranoulis.gr/oikiakos-eksoplismos/mikroi-mageires/pshstieres-gkrilieres,active,exact_subcategory,direct_single,resources/templates/electronet/psistieres_gkrilieres.json,b6fd0a3d44479c14aaa786d3189e7c0cd5264638e439ccd18fdac01d2dbeee49,3,16,Γενικά Χαρακτηριστικά,Εγγύηση Κατασκευαστή,2,https://www.etranoulis.gr/oikiakos-eksoplismos/mikroi-mageires/pshstieres-gkrilieres/rohnson-r250n-electric-grill
sha1:d6a32a87c3285c6b3516d2960c38dd28a4b8837d,isiotika_mallion,isiotika_mallion,ΟΙΚΙΑΚΟΣ ΕΞΟΠΛΙΣΜΟΣ > Προσωπική Φροντίδα > Βούρτσες-Ψαλίδια-ισιωτικά,ΟΙΚΙΑΚΟΣ ΕΞΟΠΛΙΣΜΟΣ,Προσωπική Φροντίδα,Βούρτσες-Ψαλίδια-ισιωτικά,Βούρτσες-Ψαλίδια-ισιωτικά,Βούρτσες-Ψαλίδια-ισιωτικά,https://www.etranoulis.gr/oikiakos-eksoplismos/proswpikh-frontida/vourtses-psalidia,active,exact_subcategory,category_pool,resources/templates/electronet/isiotika_mallion.json,3b8e2e01245ea6a933d72b3279ee9cd9f68707baf0478e007e00a740e5dd10f6,2,17,Γενικά Χαρακτηριστικά,Εγγύηση Κατασκευαστή,1,https://www.electronet.gr/exoplismos-spitioy/gynaikeia-frontida/isiotika-mallion/isiotiko-mallion-philips-bhs52000
sha1:339f14990568f1c284d619e1810f9ed82c44d749,voyrtses_psalidia_isiotika,voyrtses_psalidia_isiotika,ΟΙΚΙΑΚΟΣ ΕΞΟΠΛΙΣΜΟΣ > Προσωπική Φροντίδα > Βούρτσες-Ψαλίδια-ισιωτικά,ΟΙΚΙΑΚΟΣ ΕΞΟΠΛΙΣΜΟΣ,Προσωπική Φροντίδα,Βούρτσες-Ψαλίδια-ισιωτικά,Βούρτσες-Ψαλίδια-ισιωτικά,Βούρτσες-Ψαλίδια-ισιωτικά,https://www.etranoulis.gr/oikiakos-eksoplismos/proswpikh-frontida/vourtses-psalidia,active,exact_subcategory,category_pool,resources/templates/electronet/voyrtses_psalidia_isiotika.json,11d98a2c7207be9ac07280230be8ec8740cc0363412a63a7b8a9ac03e2fe7398,2,14,Μεταφορά - Αποθήκευση,Tσάντα Μεταφοράς και Αποθήκευσης,1,https://www.electronet.gr/exoplismos-spitioy/gynaikeia-frontida/boyrtses-psalidia/psalidi-mallion-rowenta-cf321l
sha1:acfafd59ac83de90f004b30614147777b645c624,zygaries_somatos,zygaries_somatos_electronet_labels_v1,ΟΙΚΙΑΚΟΣ ΕΞΟΠΛΙΣΜΟΣ > Προσωπική Φροντίδα > Ζυγαρίες Σώματος,ΟΙΚΙΑΚΟΣ ΕΞΟΠΛΙΣΜΟΣ,Προσωπική Φροντίδα,Ζυγαρίες Σώματος,Ζυγαρίες Σώματος,Ζυγαρίες Σώματος,https://www.etranoulis.gr/oikiakos-eksoplismos/proswpikh-frontida/zygaries-swmatos,active,exact_subcategory,direct_single,resources/templates/electronet/zygaries_somatos.json,a98b76fe5ca513583ae77c8f24cf41b6285c584e9ab2c9320cc086356c3fac08,3,17,Γενικά Χαρακτηριστικά,Εγγύηση Κατασκευαστή,3,https://www.etranoulis.gr/oikiakos-eksoplismos/proswpikh-frontida/zygaries-swmatos/psifiakh-zygaria-mpanioy-laica-ps1075l
sha1:256e09f4cdc8776927d5ca71228f822283a1466b,koyreytikes_mixanes,koyreytikes_mixanes,ΟΙΚΙΑΚΟΣ ΕΞΟΠΛΙΣΜΟΣ > Προσωπική Φροντίδα > Κουρευτικές Μηχανές,ΟΙΚΙΑΚΟΣ ΕΞΟΠΛΙΣΜΟΣ,Προσωπική Φροντίδα,Κουρευτικές Μηχανές,Κουρευτικές Μηχανές,Κουρευτικές Μηχανές,https://www.etranoulis.gr/oikiakos-eksoplismos/proswpikh-frontida/koureutikes-mhxanes,active,exact_subcategory,direct_single,resources/templates/electronet/koyreytikes_mixanes.json,0ff888d3ce2147eef1fe69940ac69f99fba2127b27a1ab2acaf680129df3bb98,1,18,Επισκόπηση Προϊόντος,Εγγύηση Κατασκευαστή,1,https://www.electronet.gr/exoplismos-spitioy/andriki-peripoiisi/koyreytikes-mihanes/xyristiki-mihani-rowenta-tn2804?v=38913
sha1:c85519ef3a1ce53554584873581faf76f36e2c7f,xyristikes_mixanes,xyristikes_mixanes,ΟΙΚΙΑΚΟΣ ΕΞΟΠΛΙΣΜΟΣ > Προσωπική Φροντίδα > Ξυριστικές Μηχανές,ΟΙΚΙΑΚΟΣ ΕΞΟΠΛΙΣΜΟΣ,Προσωπική Φροντίδα,Ξυριστικές Μηχανές,Ξυριστικές Μηχανές,Ξυριστικές Μηχανές,https://www.etranoulis.gr/oikiakos-eksoplismos/proswpikh-frontida/ksyristikes-mhxanes,active,exact_subcategory,direct_single,resources/templates/electronet/xyristikes_mixanes.json,f405fa2daa5fdcd3bf37534030ce1540f931979757fe865566e8046ef4ed6c4b,1,16,Επισκόπηση Προϊόντος,Εγγύηση Κατασκευαστή,1,https://www.electronet.gr/exoplismos-spitioy/andriki-peripoiisi/xyristikes-mihanes/one-blade-philips-qp654215-pro-360?v=34621
sha1:41215e1d0153b952cd7243299ac72c82507ee3ba,sesoyar,sesoyar,ΟΙΚΙΑΚΟΣ ΕΞΟΠΛΙΣΜΟΣ > Προσωπική Φροντίδα > Σεσουάρ,ΟΙΚΙΑΚΟΣ ΕΞΟΠΛΙΣΜΟΣ,Προσωπική Φροντίδα,Σεσουάρ,Σεσουάρ,Σεσουάρ,https://www.etranoulis.gr/oikiakos-eksoplismos/proswpikh-frontida/sesouar,active,exact_subcategory,direct_single,resources/templates/electronet/sesoyar.json,d702d6964a73f81f8b99292a113fed03820a4229b1e0a98cfaa44354ddee1aa8,2,19,Γενικά Χαρακτηριστικά,Εγγύηση Κατασκευαστή,1,https://www.electronet.gr/exoplismos-spitioy/gynaikeia-frontida/sesoyar/sesoyar-mallion-philips-drycare-pro-bhd272-2100-watt?v=20604
sha1:5c6509100a21cd9698504d2ba79983fc64adb619,syskeyes_apotrixosis,syskeyes_apotrixosis_electronet_labels_v1,ΟΙΚΙΑΚΟΣ ΕΞΟΠΛΙΣΜΟΣ > Προσωπική Φροντίδα > Συσκευές Αποτρίχωσης,ΟΙΚΙΑΚΟΣ ΕΞΟΠΛΙΣΜΟΣ,Προσωπική Φροντίδα,Συσκευές Αποτρίχωσης,Συσκευές Αποτρίχωσης,Συσκευές Αποτρίχωσης,https://www.etranoulis.gr/oikiakos-eksoplismos/proswpikh-frontida/syskeues-apotrixwshs,active,exact_subcategory,direct_single,resources/templates/electronet/syskeyes_apotrixosis.json,5278a6b5dac5360e20a926bacfda09c5b80fbafd140ba34d62bbab6ca542c4eb,1,15,Επισκόπηση Προϊόντος,Εγγύηση Κατασκευαστή,1,https://www.electronet.gr/exoplismos-spitioy/gynaikeia-frontida/syskeyes-apotrihosis/apotrihotiki-mihani-braun-silk-epil-5-se5-050
sha1:13e5fc0dbc8166a8b79e9c31df4cb955c43bd912,siderwma_accessories_consumables,siderwma_accessories_consumables_electronet_labels_v1,ΟΙΚΙΑΚΟΣ ΕΞΟΠΛΙΣΜΟΣ > Σιδέρωμα > Αξεσουάρ - Αναλώσιμα,ΟΙΚΙΑΚΟΣ ΕΞΟΠΛΙΣΜΟΣ,Σιδέρωμα,Αξεσουάρ - Αναλώσιμα,Αξεσουάρ - Αναλώσιμα,Αξεσουάρ - Αναλώσιμα,https://www.etranoulis.gr/oikiakos-eksoplismos/siderwma/accessories-consumables,active,exact_subcategory,direct_single,resources/templates/electronet/siderwma_accessories_consumables.json,685d4a830870100caf00130b8776bc539fd5ce70049ff4a5e1b648fb047b7ccc,3,5,Διαστάσεις,Πλάτος,2,https://www.etranoulis.gr/oikiakos-eksoplismos/siderwma/accessories-consumables/stiroplus-sideropano-prestige
sha1:20386edb987a0fc1c29a8452baf9f9690fef3d48,sidera,sidera_electronet_labels_v1,ΟΙΚΙΑΚΟΣ ΕΞΟΠΛΙΣΜΟΣ > Σιδέρωμα > Σίδερα,ΟΙΚΙΑΚΟΣ ΕΞΟΠΛΙΣΜΟΣ,Σιδέρωμα,Σίδερα,Σίδερα,Σίδερα,https://www.etranoulis.gr/oikiakos-eksoplismos/siderwma/sidera,active,exact_subcategory,direct_single,resources/templates/electronet/sidera.json,762c5e33ffe6a1a6be4f6a86d20b105ccc175457220a7f90867a07977f2467b4,2,20,Γενικά Χαρακτηριστικά,Εγγύηση Κατασκευαστή,1,https://www.etranoulis.gr/oikiakos-eksoplismos/siderwma/sidera/sidero-atmou-philips-dst3030-70-2400-watt
sha1:bc4076831dd2a4f2195e9038b3614490e23e91b3,siderostres,siderostres_electronet_labels_v1,ΟΙΚΙΑΚΟΣ ΕΞΟΠΛΙΣΜΟΣ > Σιδέρωμα > Σιδερώστρες,ΟΙΚΙΑΚΟΣ ΕΞΟΠΛΙΣΜΟΣ,Σιδέρωμα,Σιδερώστρες,Σιδερώστρες,Σιδερώστρες,https://www.etranoulis.gr/oikiakos-eksoplismos/siderwma/siderwstres,active,exact_subcategory,direct_single,resources/templates/electronet/siderostres.json,22a8aeac510eabd2ecb645e07bca3349299f5f93daa2e3ef526424806a3896ad,1,14,Επισκόπηση Προϊόντος,Εγγύηση Κατασκευαστή,1,https://www.electronet.gr/exoplismos-spitioy/sideroma-royhon/siderostres/siderostra-stiroplus-ib820s-prestige-2
sha1:01f9284883dc553d0ef4cc505111d8fab41b9cb8,systimata_sideromatos,systimata_sideromatos_electronet_labels_v1,ΟΙΚΙΑΚΟΣ ΕΞΟΠΛΙΣΜΟΣ > Σιδέρωμα > Συστήματα Σιδερώματος,ΟΙΚΙΑΚΟΣ ΕΞΟΠΛΙΣΜΟΣ,Σιδέρωμα,Συστήματα Σιδερώματος,Συστήματα Σιδερώματος,Συστήματα Σιδερώματος,https://www.etranoulis.gr/oikiakos-eksoplismos/siderwma/systhmata-siderwmatos,active,exact_subcategory,direct_single,resources/templates/electronet/systimata_sideromatos.json,e7214681c9e8b7c3d662a5daf582d4d7adf3ca02fb117e096abc9902c8a85212,4,30,Γενικά Χαρακτηριστικά,Εγγύηση Κατασκευαστή,2,https://www.etranoulis.gr/oikiakos-eksoplismos/siderwma/systhmata-siderwmatos/atmokatharisths-royxon-xeiros-bella-cucina-8013-2000w
sha1:8981f231ce2bc1ee67ca8b93b11637c6e3856cf1,gastres,gastres_electronet_labels_v1,ΟΙΚΙΑΚΟΣ ΕΞΟΠΛΙΣΜΟΣ > Σκεύη Μαγειρικής > Γάστρες,ΟΙΚΙΑΚΟΣ ΕΞΟΠΛΙΣΜΟΣ,Σκεύη Μαγειρικής,Γάστρες,Γάστρες,Γάστρες,https://www.etranoulis.gr/oikiakos-eksoplismos/skeuh-mageirikhs/gastres,active,exact_subcategory,direct_single,resources/templates/electronet/gastres.json,90c5a32c47b7e494057a5ad4ea1b80ab470153281aa24721d8bcf20b010ade5b,3,12,Γενικά,Βάρος Συσκευής σε Κιλά,2,https://www.etranoulis.gr/oikiakos-eksoplismos/skeuh-mageirikhs/gastres/tefal-air-gastra-24cm-chyto-alouminio-kokkino
sha1:c22d17d3d2440c7e7b009f2827927b0991143010,diafora_skeyi,diafora_skeyi_electronet_labels_v1,ΟΙΚΙΑΚΟΣ ΕΞΟΠΛΙΣΜΟΣ > Σκεύη Μαγειρικής > Διάφορα Σκεύη,ΟΙΚΙΑΚΟΣ ΕΞΟΠΛΙΣΜΟΣ,Σκεύη Μαγειρικής,Διάφορα Σκεύη,Διάφορα Σκεύη,Διάφορα Σκεύη,https://www.etranoulis.gr/oikiakos-eksoplismos/skeuh-mageirikhs/diafora-skeyh,active,exact_subcategory,direct_single,resources/templates/electronet/diafora_skeyi.json,1caf29fdfd35bc724757b9678b8507a93829c925888bcf5c834d4dffa4c0435b,3,4,Διαστάσεις,Ύψος,2,https://www.etranoulis.gr/oikiakos-eksoplismos/skeuh-mageirikhs/diafora-skeyh/aygogdarths-30cm-bra-efficient-a195001
sha1:8cbccf12b4b1459f7f087e3cc5ad2dfb7c27c1ab,maxairia,maxairia_electronet_labels_v1,ΟΙΚΙΑΚΟΣ ΕΞΟΠΛΙΣΜΟΣ > Σκεύη Μαγειρικής > Μαχαίρια,ΟΙΚΙΑΚΟΣ ΕΞΟΠΛΙΣΜΟΣ,Σκεύη Μαγειρικής,Μαχαίρια,Μαχαίρια,Μαχαίρια,https://www.etranoulis.gr/oikiakos-eksoplismos/skeuh-mageirikhs/maxairia,active,exact_subcategory,direct_single,resources/templates/electronet/maxairia.json,80e0d1f431d8c94d7cba0b76aab94020e30bde36b0ab034725e1df76a47778b8,3,5,Διαστάσεις,Μήκος,2,https://www.etranoulis.gr/oikiakos-eksoplismos/skeuh-mageirikhs/maxairia/maxairi-genikhs-xrhshs-bra-efficient-a198001
sha1:8c05ab94614782308988eaf5e1e8b64faf2b498a,set,set_electronet_labels_v1,ΟΙΚΙΑΚΟΣ ΕΞΟΠΛΙΣΜΟΣ > Σκεύη Μαγειρικής > Σετ,ΟΙΚΙΑΚΟΣ ΕΞΟΠΛΙΣΜΟΣ,Σκεύη Μαγειρικής,Σετ,Σετ,Σετ,https://www.etranoulis.gr/oikiakos-eksoplismos/skeuh-mageirikhs/set-utensils,manual_only,exact_subcategory,manual_only,resources/templates/electronet/set.json,6ce83092b996fe7293af802a946669080561810ee601a327952e775ca0872811,1,1,TODO,NEEDS_MANUAL_LABELS,0,
sha1:99dc655bfed67a3d6edb737fec1c18b2ff0a00a4,tapsia,tapsia_electronet_labels_v1,ΟΙΚΙΑΚΟΣ ΕΞΟΠΛΙΣΜΟΣ > Σκεύη Μαγειρικής > Ταψιά,ΟΙΚΙΑΚΟΣ ΕΞΟΠΛΙΣΜΟΣ,Σκεύη Μαγειρικής,Ταψιά,Ταψιά,Ταψιά,https://www.etranoulis.gr/oikiakos-eksoplismos/skeuh-mageirikhs/tapsia,active,exact_subcategory,direct_single,resources/templates/electronet/tapsia.json,fa892d4a4f6ac76637ccbf9132ffc9c3e1fb7b5e89cc684b2f7a1bdb4324bd3d,3,6,Διαστάσεις,Βάθος,2,https://www.etranoulis.gr/oikiakos-eksoplismos/skeuh-mageirikhs/tapsia/tapsi-vathi-bosch-hez633073
sha1:c8f5938ea08caf7a43e24a13dc6691c19f074982,tigania,tigania_electronet_labels_v1,ΟΙΚΙΑΚΟΣ ΕΞΟΠΛΙΣΜΟΣ > Σκεύη Μαγειρικής > Τηγάνια,ΟΙΚΙΑΚΟΣ ΕΞΟΠΛΙΣΜΟΣ,Σκεύη Μαγειρικής,Τηγάνια,Τηγάνια,Τηγάνια,https://www.etranoulis.gr/oikiakos-eksoplismos/skeuh-mageirikhs/thgania,active,exact_subcategory,direct_single,resources/templates/electronet/tigania.json,99a2c29f471b43626207fc996b1a6d3143625330b46103ec9cfec0a06447e546,1,11,Επισκόπηση Προϊόντος,Χρώμα,2,https://www.etranoulis.gr/oikiakos-eksoplismos/skeuh-mageirikhs/thgania/krepiera-aloyminioy-antikollhtikh-bra-efficient-a272526
sha1:4b7ce772049b2fbcdad95025ecca39bb11afe344,xytres,xytres_electronet_labels_v1,ΟΙΚΙΑΚΟΣ ΕΞΟΠΛΙΣΜΟΣ > Σκεύη Μαγειρικής > Χύτρες,ΟΙΚΙΑΚΟΣ ΕΞΟΠΛΙΣΜΟΣ,Σκεύη Μαγειρικής,Χύτρες,Χύτρες,Χύτρες,https://www.etranoulis.gr/oikiakos-eksoplismos/skeuh-mageirikhs/xytres,active,exact_subcategory,direct_single,resources/templates/electronet/xytres.json,a29254d63949ceb55d92a18911a3d8c334617153a7deefa895eaf52717c9d1b8,3,15,Επιπλέον,Χρώμα,2,https://www.etranoulis.gr/oikiakos-eksoplismos/skeuh-mageirikhs/xytres/bra-a270320-chytra-20cm-3lt-efficient-platinum-plus
sha1:51be0639d845ef98e745c5fa3cc0d82a62cf6ccd,xytres_taxytitas,xytres_taxytitas_electronet_labels_v1,ΟΙΚΙΑΚΟΣ ΕΞΟΠΛΙΣΜΟΣ > Σκεύη Μαγειρικής > Χύτρες Ταχύτητας,ΟΙΚΙΑΚΟΣ ΕΞΟΠΛΙΣΜΟΣ,Σκεύη Μαγειρικής,Χύτρες Ταχύτητας,Χύτρες Ταχύτητας,Χύτρες Ταχύτητας,https://www.etranoulis.gr/oikiakos-eksoplismos/skeuh-mageirikhs/xytres-taxythtas,active,exact_subcategory,direct_single,resources/templates/electronet/xytres_taxytitas.json,1712ac448597bd02aa0cf50ed0cebde05c573579349ba7b960670131c7ceb727,2,16,Λειτουργίες & Ασφάλεια,Κωδικός / Μοντέλο,2,https://www.etranoulis.gr/oikiakos-eksoplismos/skeuh-mageirikhs/xytres-taxythtas/fissler-vitaquick-premium-set-quattro-8lt-45lt-kalathi-atmou
sha1:4cf990f5a7eddde15b029ef5eecfcfe3efed2595,axesoyar_analosima,axesoyar_analosima_electronet_labels_v1,ΟΙΚΙΑΚΟΣ ΕΞΟΠΛΙΣΜΟΣ > Σκούπισμα > Αξεσουάρ-Αναλώσιμα,ΟΙΚΙΑΚΟΣ ΕΞΟΠΛΙΣΜΟΣ,Σκούπισμα,Αξεσουάρ-Αναλώσιμα,Αξεσουάρ-Αναλώσιμα,Αξεσουάρ-Αναλώσιμα,https://www.etranoulis.gr/oikiakos-eksoplismos/skoupisma/aksesouar-analwsima,active,exact_subcategory,direct_single,resources/templates/electronet/axesoyar_analosima.json,a6f911fdf3ebf2db8b710771a70ce31bb962e4ed0cda5d629bc1704cd565d1e5,2,4,Γενικά Χαρακτηριστικά,Συμβατότητα,2,https://www.etranoulis.gr/oikiakos-eksoplismos/skoupisma/aksesouar-analwsima/sakoules-skoupas-hoover-h85-epa-energy-700
sha1:91354c36af1b8495313bebda0e0562ff16af02ed,atmokatharistes,atmokatharistes_electronet_labels_v1,ΟΙΚΙΑΚΟΣ ΕΞΟΠΛΙΣΜΟΣ > Σκούπισμα > Ατμοκαθαριστές,ΟΙΚΙΑΚΟΣ ΕΞΟΠΛΙΣΜΟΣ,Σκούπισμα,Ατμοκαθαριστές,Ατμοκαθαριστές,Ατμοκαθαριστές,https://www.etranoulis.gr/oikiakos-eksoplismos/skoupisma/atmokathharistes,active,exact_subcategory,direct_single,resources/templates/electronet/atmokatharistes.json,cb62f955fb3edce9772401beff2294aa5c6cd6f4bcb4e777295bcaba2d4d9ea2,1,5,Γενικά,Μήκος Καλωδίου σε Μέτρα,1,https://www.etranoulis.gr/oikiakos-eksoplismos/skoupisma/atmokathharistes/atmokatharistis-ariete-4137-vaporijet
sha1:369b2cd0ca85d8707fc8a7e2feeebbe46c95a769,skoypakia,skoypakia_electronet_labels_v1,ΟΙΚΙΑΚΟΣ ΕΞΟΠΛΙΣΜΟΣ > Σκούπισμα > Σκουπάκια,ΟΙΚΙΑΚΟΣ ΕΞΟΠΛΙΣΜΟΣ,Σκούπισμα,Σκουπάκια,Σκουπάκια,Σκουπάκια,https://www.etranoulis.gr/oikiakos-eksoplismos/skoupisma/skoupakia,active,exact_subcategory,direct_single,resources/templates/electronet/skoypakia.json,2c2ea11655f2829a9a276f678be82de7da3fb68476173317ebebe726ff90e6c5,2,11,Γενικά Χαρακτηριστικά,Εγγύηση Κατασκευαστή,1,https://www.etranoulis.gr/oikiakos-eksoplismos/skoupisma/skoupakia/skoupaki-rohnson-mamba-m3
sha1:2f5bcea02e4b43c0a7c357fc869f3bdbcb76e038,skoypes,skoypes_electronet_labels_v1,ΟΙΚΙΑΚΟΣ ΕΞΟΠΛΙΣΜΟΣ > Σκούπισμα > Σκούπες,ΟΙΚΙΑΚΟΣ ΕΞΟΠΛΙΣΜΟΣ,Σκούπισμα,Σκούπες,Σκούπες,Σκούπες,https://www.etranoulis.gr/oikiakos-eksoplismos/skoupisma/skoupes,active,exact_subcategory,direct_single,resources/templates/electronet/skoypes.json,af9b5a0ec7ab8910f6db137123a6af2543b5c3de408b5356200c1aae503ebd3f,1,16,Επισκόπηση Προϊόντος,Βάρος Συσκευής σε Κιλά,2,https://www.electronet.gr/oikiakos-eksoplismos/skoupisma/skoupes/bosch-bgls2ba1-skoypa-me-sakoyla-35l-mayro
sha1:28f75505315dc5d9162d609aabb6cd5aac1979d9,skoypes_stick,skoypes_stick_electronet_labels_v1,ΟΙΚΙΑΚΟΣ ΕΞΟΠΛΙΣΜΟΣ > Σκούπισμα > Σκούπες Stick,ΟΙΚΙΑΚΟΣ ΕΞΟΠΛΙΣΜΟΣ,Σκούπισμα,Σκούπες Stick,Σκούπες Stick,Σκούπες Stick,https://www.etranoulis.gr/oikiakos-eksoplismos/skoupisma/skoupes-stick,active,exact_subcategory,direct_single,resources/templates/electronet/skoypes_stick.json,399b46c0799258f9c07fd53418ee8d8bd6a576d3252a2d16884951cf5f187890,2,11,Γενικά Χαρακτηριστικά,Εγγύηση Κατασκευαστή,2,https://www.etranoulis.gr/oikiakos-eksoplismos/skoupisma/skoupes-stick/skoupa-stick-bosch-unlimited-7-bbs711w-leyko-18v-40min
sha1:b5330ef8dbe54c09f8086a34012bb1f41f30cda5,skoypes_rompot,skoypes_rompot_electronet_labels_v1,ΟΙΚΙΑΚΟΣ ΕΞΟΠΛΙΣΜΟΣ > Σκούπισμα > Σκούπες Ρομπότ,ΟΙΚΙΑΚΟΣ ΕΞΟΠΛΙΣΜΟΣ,Σκούπισμα,Σκούπες Ρομπότ,Σκούπες Ρομπότ,Σκούπες Ρομπότ,https://www.etranoulis.gr/oikiakos-eksoplismos/skoupisma/skoupes-robot,active,exact_subcategory,direct_single,resources/templates/electronet/skoypes_rompot.json,9e5435ca53a704afedfad53aecdca5774bd97e74e848355fdcc25b0d0331a3a0,1,6,Επισκόπηση προϊόντος,Σφουγγάρισμα,2,https://www.etranoulis.gr/oikiakos-eksoplismos/skoupisma/skoupes-robot/irobot-skoypa-robot-roomba-combo-j5-grafitis
sha1:112322d3064bcb22f36cfb6abd69f05a46ebf1c6,vrastires,vrastires_electronet_labels_v1,ΟΙΚΙΑΚΟΣ ΕΞΟΠΛΙΣΜΟΣ > Συσκευές Κουζίνας > Βραστήρες,ΟΙΚΙΑΚΟΣ ΕΞΟΠΛΙΣΜΟΣ,Συσκευές Κουζίνας,Βραστήρες,Βραστήρες,Βραστήρες,https://www.etranoulis.gr/oikiakos-eksoplismos/syskeues-kouzinas/vrasthres,active,exact_subcategory,direct_single,resources/templates/electronet/vrastires.json,4ef32308481c4d521634de992dbbad2cfb365f4e182a5d4c37194abdd712719e,3,20,Γενικά Χαρακτηριστικά,Εγγύηση Κατασκευαστή,2,https://www.etranoulis.gr/oikiakos-eksoplismos/syskeues-kouzinas/vrasthres/vrasthras-bosch-TWK7L460-inox-2440W
sha1:fb1131d25741c0b005d22638cef2490d46c596c6,diafores_syskeyes,diafores_syskeyes_electronet_labels_v1,ΟΙΚΙΑΚΟΣ ΕΞΟΠΛΙΣΜΟΣ > Συσκευές Κουζίνας > Διάφορες Συσκευές,ΟΙΚΙΑΚΟΣ ΕΞΟΠΛΙΣΜΟΣ,Συσκευές Κουζίνας,Διάφορες Συσκευές,Διάφορες Συσκευές,Διάφορες Συσκευές,https://www.etranoulis.gr/oikiakos-eksoplismos/syskeues-kouzinas/diafores-syskeyes,active,exact_subcategory,direct_single,resources/templates/electronet/diafores_syskeyes.json,7102b8bcdd75ada84f1569259b4000e628fede3cc8ebc4a0efd92337e3463508,2,5,Γενικά Χαρακτηριστικά,Χωρητικότητα,1,https://www.etranoulis.gr/oikiakos-eksoplismos/syskeues-kouzinas/diafores-syskeyes/doxeio-mpoykali-gyalio-me-filtro-laica-b01aa01
sha1:3c0d0239a25f3f4b6027f1cf0ed25aa94698128f,zygaries_koyzinas,zygaries_koyzinas_electronet_labels_v1,ΟΙΚΙΑΚΟΣ ΕΞΟΠΛΙΣΜΟΣ > Συσκευές Κουζίνας > Ζυγαριές Κουζίνας,ΟΙΚΙΑΚΟΣ ΕΞΟΠΛΙΣΜΟΣ,Συσκευές Κουζίνας,Ζυγαριές Κουζίνας,Ζυγαριές Κουζίνας,Ζυγαριές Κουζίνας,https://www.etranoulis.gr/oikiakos-eksoplismos/syskeues-kouzinas/zygaries-kouzinas,active,exact_subcategory,direct_single,resources/templates/electronet/zygaries_koyzinas.json,c68b300011c5d9692f3dbe7fe545b3b8d76c171cd24ce7e3433a3b3c57ee9a80,2,12,Γενικά Χαρακτηριστικά,Εγγύηση Κατασκευαστή,1,https://www.etranoulis.gr/oikiakos-eksoplismos/syskeues-kouzinas/zygaries-kouzinas/zygaria-kouzinas-kenwood-wep60000bk-mavro
sha1:a66ad6af94a8f921b4ccfd61932b867e591d3a51,ilektrika_mprikia,ilektrika_mprikia_electronet_labels_v1,ΟΙΚΙΑΚΟΣ ΕΞΟΠΛΙΣΜΟΣ > Συσκευές Κουζίνας > Ηλεκτρικά μπρίκια,ΟΙΚΙΑΚΟΣ ΕΞΟΠΛΙΣΜΟΣ,Συσκευές Κουζίνας,Ηλεκτρικά μπρίκια,Ηλεκτρικά μπρίκια,Ηλεκτρικά μπρίκια,https://www.etranoulis.gr/oikiakos-eksoplismos/syskeues-kouzinas/brikia,active,exact_subcategory,direct_single,resources/templates/electronet/ilektrika_mprikia.json,e19f8127753fb11478c14742cbf315ad7cc1f0a337bfd0d816546537a987351b,3,12,Γενικά Χαρακτηριστικά,Βάρος Συσκευής σε Κιλά,2,https://www.etranoulis.gr/oikiakos-eksoplismos/syskeues-kouzinas/brikia/mpriki-kafe-singer-meraki-cm1110-br-ilektriko-800w-3-flitzania
sha1:21900cbbba2af09c6714477724de6314abb43c23,ravdomplenter,ravdomplenter_electronet_labels_v1,ΟΙΚΙΑΚΟΣ ΕΞΟΠΛΙΣΜΟΣ > Συσκευές Κουζίνας > Κοπτήρια-Ράβδοι,ΟΙΚΙΑΚΟΣ ΕΞΟΠΛΙΣΜΟΣ,Συσκευές Κουζίνας,Κοπτήρια-Ράβδοι,Ραβδομπλεντερ,Ραβδομπλεντερ,https://www.etranoulis.gr/oikiakos-eksoplismos/syskeues-kouzinas/kopthria-ravdoi,active,exact_subcategory,direct_single,resources/templates/electronet/ravdomplenter.json,5a00400029d13ad2144aecaac42307621ea7c41e9f81ef5b4e1d9a057a9b51f7,2,15,Γενικά Χαρακτηριστικά,Εγγύηση Κατασκευαστή,2,https://www.etranoulis.gr/oikiakos-eksoplismos/syskeues-kouzinas/kopthria-ravdoi/braun-hb701-mq7000x-ravdomplenter-1000w-060l-activeblade
sha1:05bbda279bd88e0c6fb0fbe08fef6e7b6ea9d464,koyzinomixanes,koyzinomixanes_electronet_labels_v1,ΟΙΚΙΑΚΟΣ ΕΞΟΠΛΙΣΜΟΣ > Συσκευές Κουζίνας > Κουζινομηχανές,ΟΙΚΙΑΚΟΣ ΕΞΟΠΛΙΣΜΟΣ,Συσκευές Κουζίνας,Κουζινομηχανές,Κουζινομηχανές,Κουζινομηχανές,https://www.etranoulis.gr/oikiakos-eksoplismos/syskeues-kouzinas/kouzinomhxanes,active,exact_subcategory,direct_single,resources/templates/electronet/koyzinomixanes.json,419d77e786c6b5e839c4abda82b81406a3532315ab8a538aed30838792f34a9b,3,21,Γενικά Χαρακτηριστικά,Εγγύηση Κατασκευαστή,2,https://www.etranoulis.gr/oikiakos-eksoplismos/syskeues-kouzinas/kouzinomhxanes/kouzinomhxanh-gruppe-ou6336c
sha1:d36146d07a6c7b70b6bdc56441946ad8beb77841,kreatomixnes,kreatomixnes_electronet_labels_v1,ΟΙΚΙΑΚΟΣ ΕΞΟΠΛΙΣΜΟΣ > Συσκευές Κουζίνας > Κρεατομηχανές,ΟΙΚΙΑΚΟΣ ΕΞΟΠΛΙΣΜΟΣ,Συσκευές Κουζίνας,Κρεατομηχανές,Κρεατομηχνές,Κρεατομηχνές,https://www.etranoulis.gr/oikiakos-eksoplismos/syskeues-kouzinas/kreatomhxanes,active,exact_subcategory,direct_single,resources/templates/electronet/kreatomixnes.json,4251ec330fe66482982a8fd186ebd3eb9be012a9dfc3d3aeb1cefc3fb85be687,1,9,ΧΑΡΑΚΤΗΡΙΣΤΙΚΑ,Εγγύηση Κατασκευαστή,1,https://www.etranoulis.gr/oikiakos-eksoplismos/syskeues-kouzinas/kreatomhxanes/meat-grinder-boch-mfw3630i
sha1:4d7c8db5a60a03619db76b99204074d8225f0f5c,mixer,mixer_electronet_labels_v1,ΟΙΚΙΑΚΟΣ ΕΞΟΠΛΙΣΜΟΣ > Συσκευές Κουζίνας > Μίξερ,ΟΙΚΙΑΚΟΣ ΕΞΟΠΛΙΣΜΟΣ,Συσκευές Κουζίνας,Μίξερ,Μίξερ,Μίξερ,https://www.etranoulis.gr/oikiakos-eksoplismos/syskeues-kouzinas/mixer,active,exact_subcategory,direct_single,resources/templates/electronet/mixer.json,df1e36f067b3d7ed267e59eaa5533f9a287dad38679af8746d83bda3b3029245,2,12,Γενικά Χαρακτηριστικά,Διαστάσεις Συσκευής σε Εκατοστά. (Υ χ Π χ Β),1,https://www.etranoulis.gr/oikiakos-eksoplismos/syskeues-kouzinas/mixer/mixer-heiros-kenwood-hmp-50000-wh
sha1:66a574291fd6089b796cf029fb5bbe746c089a1d,mplenter,mplenter_electronet_labels_v1,ΟΙΚΙΑΚΟΣ ΕΞΟΠΛΙΣΜΟΣ > Συσκευές Κουζίνας > Μπλέντερ,ΟΙΚΙΑΚΟΣ ΕΞΟΠΛΙΣΜΟΣ,Συσκευές Κουζίνας,Μπλέντερ,Μπλέντερ,Μπλέντερ,https://www.etranoulis.gr/oikiakos-eksoplismos/syskeues-kouzinas/blender,active,exact_subcategory,direct_single,resources/templates/electronet/mplenter.json,c9d7c56f8ebe158982a5e874f24a28d9b455c70332a6d3f84d9eba421988955e,2,13,Γενικά Χαρακτηριστικά,Εγγύηση Κατασκευαστή,2,https://www.etranoulis.gr/oikiakos-eksoplismos/syskeues-kouzinas/blender/blender-bosch-mmb-2111-s-450w
sha1:024ec5e44a0fbead69fff620a4b5bff54a2a94b1,polymixer,polymixer_electronet_labels_v1,ΟΙΚΙΑΚΟΣ ΕΞΟΠΛΙΣΜΟΣ > Συσκευές Κουζίνας > Πολυμίξερ,ΟΙΚΙΑΚΟΣ ΕΞΟΠΛΙΣΜΟΣ,Συσκευές Κουζίνας,Πολυμίξερ,Πολυμίξερ,Πολυμίξερ,https://www.etranoulis.gr/oikiakos-eksoplismos/syskeues-kouzinas/multimixer,active,exact_subcategory,direct_single,resources/templates/electronet/polymixer.json,fff0b31ae6cb1e0faffbfb218f1979a56fd1494ed70e32eaef22c83b3116a805,3,21,Γενικά Χαρακτηριστικά,Εγγύηση Κατασκευαστή,2,https://www.electronet.gr/oikiakos-eksoplismos/syskeues-kouzinas/multimixer/polymixer-kenwood-multipro-fdm-73850-ss-1000-w
sha1:a2b96d59407c538d7587a7242d83e5b2f050108a,kartes_mnimis,kartes_mnimis_electronet_labels_v1,ΠΛΗΡΟΦΟΡΙΚΗ > Αποθηκευτικά Μέσα > Κάρτες μνήμης,ΠΛΗΡΟΦΟΡΙΚΗ,Αποθηκευτικά Μέσα,Κάρτες μνήμης,Κάρτες μνήμης,Κάρτες μνήμης,https://www.etranoulis.gr/plhroforikh/apothikeutika-mesa/kartes-mnhmhs,active,exact_subcategory,direct_single,resources/templates/electronet/kartes_mnimis.json,53ffb29665bb41649fdc2775cafe017881440c854a37fd15f29251991ddc3b58,1,6,Γενικά Χαρακτηριστικά,Εγγύηση Κατασκευαστή,1,https://www.electronet.gr/pliroforiki/apothikeysi/kartes-mnimis/karta-mnimis-sandisk-ultra-microsdxc-64gb-sdsquab-064g-gn6ma
sha1:8ffcffc21c6d0ce6a34778a4a95cb1c0ff79ade3,skliroi_diskoi,skliroi_diskoi_electronet_labels_v1,ΠΛΗΡΟΦΟΡΙΚΗ > Αποθηκευτικά Μέσα > Σκληροί δίσκοι,ΠΛΗΡΟΦΟΡΙΚΗ,Αποθηκευτικά Μέσα,Σκληροί δίσκοι,Σκληροί δίσκοι,Σκληροί δίσκοι,https://www.etranoulis.gr/index.php?route=product/category&path=139_143_156,active,exact_subcategory,direct_single,resources/templates/electronet/skliroi_diskoi.json,6a5711e1009cf9617a2c5ad19cdfcd082888526b5de47db9c54272ef86fe5fa6,1,8,Γενικά Χαρακτηριστικά,Εγγύηση Κατασκευαστή,1,https://www.electronet.gr/pliroforiki/apothikeysi/skliroi-diskoi/exoterikos-skliros-diskos-apacer-gen1-ac533-2tb-25-usb-32-mayro
sha1:69436b9e8bb04b54825d27790be665552aac84b5,ektypotes,ektypotes_electronet_labels_v1,ΠΛΗΡΟΦΟΡΙΚΗ > Εκτυπωτές & Αναλώσιμα > Εκτυπωτές,ΠΛΗΡΟΦΟΡΙΚΗ,Εκτυπωτές & Αναλώσιμα,Εκτυπωτές,Εκτυπωτές,Εκτυπωτές,https://www.etranoulis.gr/plhroforikh/ektypwtes-analwsima/ektypwtws,active,exact_subcategory,direct_single,resources/templates/electronet/ektypotes.json,f3be52a9d6319d775190db5e161d364eadd262b04db2118c379f133082f83d01,2,15,Γενικά Χαρακτηριστικά,Εγγύηση Κατασκευαστή,1,https://www.electronet.gr/pliroforiki/ektypotes/ektypotes-laser-color/ektypotis-hp-color-laserjet-pro-3202dw-499r0f
sha1:0807099b65b11c8ae4f3641eb098c15feb7292e2,melania,melania_electronet_labels_v1,ΠΛΗΡΟΦΟΡΙΚΗ > Εκτυπωτές & Αναλώσιμα > Μελάνια,ΠΛΗΡΟΦΟΡΙΚΗ,Εκτυπωτές & Αναλώσιμα,Μελάνια,Μελάνια,Μελάνια,https://www.etranoulis.gr/plhroforikh/ektypwtes-analwsima/melania,active,exact_subcategory,direct_single,resources/templates/electronet/melania.json,80333f9858ef01ecf5cb10c6280f29ca66f9718f475c596c56d7ad426f800911,2,5,Γενικά Χαρακτηριστικά,Για εκτυπωτές,2,https://www.etranoulis.gr/plhroforikh/ektypwtes-analwsima/melania/melani-hp-302-tri-color-f6u65ae
sha1:d44c414097a28eacc1736b2639e6eda325d4557f,polymixanimata,polymixanimata_electronet_labels_v1,ΠΛΗΡΟΦΟΡΙΚΗ > Εκτυπωτές & Αναλώσιμα > Πολυμηχανήματα,ΠΛΗΡΟΦΟΡΙΚΗ,Εκτυπωτές & Αναλώσιμα,Πολυμηχανήματα,Πολυμηχανήματα,Πολυμηχανήματα,https://www.etranoulis.gr/plhroforikh/ektypwtes-analwsima/polymhxanhmata,active,exact_subcategory,direct_single,resources/templates/electronet/polymixanimata.json,f6495071e9e735db80d4560c66fe7de3444d9901e283610d448d284c80c0931e,2,15,Γενικά Χαρακτηριστικά,Εγγύηση Κατασκευαστή,1,https://www.electronet.gr/pliroforiki/ektypotes/polymihanimata-laser/polymihanima-hp-laserjet-m234sdw-aio-wifi-6gx01f
sha1:ffb6d538aa790b61f807dd901614325bf1dd15e6,akoystika,akoystika_electronet_labels_v1,ΠΛΗΡΟΦΟΡΙΚΗ > Περιφερειακά > Ακουστικά,ΠΛΗΡΟΦΟΡΙΚΗ,Περιφερειακά,Ακουστικά,Ακουστικά,Ακουστικά,https://www.etranoulis.gr/plhroforikh/perifereiaka/akoustika,active,exact_subcategory,direct_single,resources/templates/electronet/akoystika.json,20efb5fa92fd45a0e824cf9f06ee338135bb225cb11571deeaa8b0da89c10f6c,2,11,Γενικά Χαρακτηριστικά,Εγγύηση Κατασκευαστή,2,https://www.etranoulis.gr/plhroforikh/perifereiaka/akoustika/akoustika-jbl-tune-520bt
sha1:2bb5136d42aa67cb9994cd62e44883d62a088786,axesoyar_perifereiakon,axesoyar_perifereiakon_electronet_labels_v1,ΠΛΗΡΟΦΟΡΙΚΗ > Περιφερειακά > Αξεσουάρ Περιφερειακών,ΠΛΗΡΟΦΟΡΙΚΗ,Περιφερειακά,Αξεσουάρ Περιφερειακών,Αξεσουάρ Περιφερειακών,Αξεσουάρ Περιφερειακών,https://www.etranoulis.gr/plhroforikh/perifereiaka/axesoyar,active,exact_subcategory,direct_single,resources/templates/electronet/axesoyar_perifereiakon.json,5a968949ef4b9388ff6bcfacfe34f1efb9a506932f144bcd831e08dfbb9b77d7,3,9,Διαστάσεις,Μήκος Καλωδίου,2,https://www.etranoulis.gr/plhroforikh/perifereiaka/axesoyar/web-camera-full-hd-1080p-autofocus-lamtech-lam-021509
sha1:26af6a88074bd357c0df75d5fdc4ec0165f2457e,othones,othones_electronet_labels_v1,ΠΛΗΡΟΦΟΡΙΚΗ > Περιφερειακά > Οθόνες,ΠΛΗΡΟΦΟΡΙΚΗ,Περιφερειακά,Οθόνες,Οθόνες,Οθόνες,https://www.etranoulis.gr/plhroforikh/perifereiaka/othones,active,exact_subcategory,direct_single,resources/templates/electronet/othones.json,7b280d8990f3d340391cafcb076d3dc22adc6a95ddbfde431051c8f2673539c4,3,20,Γενικά Χαρακτηριστικά,Εγγύηση Κατασκευαστή,1,https://www.electronet.gr/pliroforiki/perifereiaka/othones/othoni-pc-xiaomi-g27i-gaming-monitor-27-full-hd
sha1:60b00745610989b2fd159c2d4513177a4102f518,pliktrologia,pliktrologia_electronet_labels_v1,ΠΛΗΡΟΦΟΡΙΚΗ > Περιφερειακά > Πληκτρολόγια,ΠΛΗΡΟΦΟΡΙΚΗ,Περιφερειακά,Πληκτρολόγια,Πληκτρολόγια,Πληκτρολόγια,https://www.etranoulis.gr/plhroforikh/perifereiaka/plhktrologia,active,exact_subcategory,direct_single,resources/templates/electronet/pliktrologia.json,fdd1c01d912e224ae1fbae677517755ac1d845055d7b90027e1146f59d0bd388,2,3,Γενικά Χαρακτηριστικά,Γλώσσα,1,https://www.etranoulis.gr/plhroforikh/perifereiaka/plhktrologia/plhktrologio-ellhniko-lamtech-lam622178
sha1:419ee2d583e6d9a63576fa6b9bd750c6fd06c8cd,pontikia,pontikia_electronet_labels_v1,ΠΛΗΡΟΦΟΡΙΚΗ > Περιφερειακά > Ποντίκια,ΠΛΗΡΟΦΟΡΙΚΗ,Περιφερειακά,Ποντίκια,Ποντίκια,Ποντίκια,https://www.etranoulis.gr/plhroforikh/perifereiaka/pontikia,active,exact_subcategory,direct_single,resources/templates/electronet/pontikia.json,29a54594e5833ab642c1a3394c3aba3cd20e0a933bf93fb66c2889332c8c5450,2,4,Γενικά Χαρακτηριστικά,Αισθητήρας,1,https://www.etranoulis.gr/plhroforikh/perifereiaka/pontikia/ensyrmato-pontiki-kokkin-lamtech-lam021233
sha1:4fc0d0aec43db2663aaf02e9e0e38c06f545b884,prostateytika_reymatos,prostateytika_reymatos_electronet_labels_v1,ΠΛΗΡΟΦΟΡΙΚΗ > Περιφερειακά > Προστατευτικά Ρεύματος,ΠΛΗΡΟΦΟΡΙΚΗ,Περιφερειακά,Προστατευτικά Ρεύματος,Προστατευτικά Ρεύματος,Προστατευτικά Ρεύματος,https://www.etranoulis.gr/plhroforikh/perifereiaka/prostateutika-reumatos,active,exact_subcategory,direct_single,resources/templates/electronet/prostateytika_reymatos.json,bfc16540c065f5ac6dfc4b0c2e0bdae9adb92efa13078a4695582670dde97291,1,7,Γενικά Χαρακτηριστικά,Χρώμα,1,https://www.electronet.gr/pliroforiki/perifereiaka/prostasia-reymatos/polyprizo-asfaleias-crystal-audio-cp8-1300-70-8-theseon-mayro
sha1:0b8efed05136296f8774ec9aacf25916a2298093,desktops,desktops_electronet_labels_v1,ΠΛΗΡΟΦΟΡΙΚΗ > Υπολογιστές > Desktops,ΠΛΗΡΟΦΟΡΙΚΗ,Υπολογιστές,Desktops,Desktops,Desktops,https://www.etranoulis.gr/plhroforikh/ypologistes/desktops,active,exact_subcategory,direct_single,resources/templates/electronet/desktops.json,a29ee91fc613b72f4cc4d78645ae0213475ad79961d74c336d9b4dfa07d09fa2,6,31,Γενικά Χαρακτηριστικά,Εγγύηση Κατασκευαστή,1,https://www.electronet.gr/pliroforiki/ypologistes/desktops/desktop-pc-dell-pro-slim-essential-qvs1260-i5-1440016gb1tb-ssdintel-uhdw11pro
sha1:d3c9893d514c0478fa2e4faacec5ea21badc57d0,laptops,laptops_electronet_labels_v1,ΠΛΗΡΟΦΟΡΙΚΗ > Υπολογιστές > Laptops,ΠΛΗΡΟΦΟΡΙΚΗ,Υπολογιστές,Laptops,Laptops,Laptops,https://www.etranoulis.gr/plhroforikh/ypologistes/laptops,active,exact_subcategory,direct_single,resources/templates/electronet/laptops.json,de57721d1804d770e4cbcd0d9eed52491eda75dd76e921fa1bfb33282429f02c,7,38,Γενικά Χαρακτηριστικά,Εγγύηση Κατασκευαστή,1,https://www.etranoulis.gr/plhroforikh/ypologistes/laptops/laptop-dell-g15-5515-7771
sha1:7ef4ab1f2103fc90201f85609325b9b4648d5e68,tsantes_laptop,tsantes_laptop_electronet_labels_v1,ΠΛΗΡΟΦΟΡΙΚΗ > Υπολογιστές > Τσάντες Laptop,ΠΛΗΡΟΦΟΡΙΚΗ,Υπολογιστές,Τσάντες Laptop,Τσάντες Laptop,Τσάντες Laptop,https://www.etranoulis.gr/plhroforikh/ypologistes/tsantes-laptop,active,exact_subcategory,direct_single,resources/templates/electronet/tsantes_laptop.json,db911eb1e977eb72e36e790318247977f553cba5b258279da4d1b470e0cb002e,1,5,Γενικά Χαρακτηριστικά,Εγγύηση Κατασκευαστή,1,https://www.electronet.gr/pliroforiki/axesoyar-laptop/tsantes-laptop/tsanta-platis-asus-ap4600-backpack
sha1:24a5f0c936d0dde4af816b11d26cadadee1c4bbc,android,android_electronet_labels_v1,ΤΗΛΕΦΩΝΙΑ > Smartphones > Android,ΤΗΛΕΦΩΝΙΑ,Smartphones,Android,Android,Android,https://www.etranoulis.gr/thlefwnia/smartphones/android,active,exact_subcategory,direct_single,resources/templates/electronet/android.json,e1b7a063adda552b16c0b41d951cef7c7db7b51896a9fd72a866572fc5ad0da5,7,33,Γενικά χαρακτηριστικά,Εγγύηση Κατασκευαστή,1,https://www.electronet.gr/tilefonia/smartphones/ola-ta-smartphones/smartphone-samsung-galaxy-s25-ultra-5g-512gb-titanium-black
sha1:2bed6cea2d9af7d0ceac5cb6c2932e9dad86ccc2,ios,ios_electronet_labels_v1,ΤΗΛΕΦΩΝΙΑ > Smartphones > iOS,ΤΗΛΕΦΩΝΙΑ,Smartphones,iOS,iOS,iOS,https://www.etranoulis.gr/thlefwnia/smartphones/ios,active,exact_subcategory,direct_single,resources/templates/electronet/ios.json,df8d5c811eab3d681377aecef9d870244a2dded1d769dc4b35854b6f7f025f8b,7,33,Γενικά χαρακτηριστικά,Εγγύηση Κατασκευαστή,1,https://www.electronet.gr/tilefonia/smartphones/ola-ta-smartphones/apple-iphone-17-pro-max-512gb-deep-blue
sha1:8a3453d3d9738783d72fc5f7acd51b8780adfcbf,tablets_tandroid,tablets_tandroid_electronet_labels_v1,ΤΗΛΕΦΩΝΙΑ > Tablets > Android,ΤΗΛΕΦΩΝΙΑ,Tablets,Android,Android,Android,https://www.etranoulis.gr/thlefwnia/tablets/tandroid,active,exact_subcategory,direct_single,resources/templates/electronet/tablets_tandroid.json,247a8e6ed5873b2fd326f36d4e8251c304a909f6f6fc25c400a5bbf0aaefed90,7,30,Γενικά Χαρακτηριστικά,Εγγύηση Κατασκευαστή,2,https://www.electronet.gr/pliroforiki/tablets/ola-ta-tablets/tablet-samsung-galaxy-tab-a11-11-128gb-wifi-gray
sha1:68900481b8eddef33447591c25a07418f5993548,tablets_tios,tablets_tios_electronet_labels_v1,ΤΗΛΕΦΩΝΙΑ > Tablets > iOS,ΤΗΛΕΦΩΝΙΑ,Tablets,iOS,iOS,iOS,https://www.etranoulis.gr/thlefwnia/tablets/tios,active,exact_subcategory,direct_single,resources/templates/electronet/tablets_tios.json,e5139ce76e4be24689ee924a5959d84d8ff50f2b822b038296a935abe12984e1,7,30,Γενικά Χαρακτηριστικά,Εγγύηση Κατασκευαστή,1,https://www.electronet.gr/pliroforiki/tablets/ola-ta-tablets/apple-ipad-11-wi-fi-128gb-yellow-md4d4tya
sha1:3f1081226c402b8d63c94f74380009e8470f6fe5,thikes,thikes_electronet_labels_v1,ΤΗΛΕΦΩΝΙΑ > Tablets > Θήκες,ΤΗΛΕΦΩΝΙΑ,Tablets,Θήκες,Θήκες,Θήκες,https://www.etranoulis.gr/thlefwnia/tablets/thikes,active,exact_subcategory,direct_single,resources/templates/electronet/thikes.json,622b118aa3d6ed188c3a6231ab24e2b16ae178f59e8b73b770ff482e0a4444ed,2,5,Γενικά Χαρακτηριστικά,Universal,1,https://www.etranoulis.gr/thlefwnia/tablets/thikes/thiki-tablet-nedis-tcvr9100bk-universal-folio
sha1:901b3f9475af02ba5a1e34fe722cf34bc3900cf5,hands_free,hands_free_electronet_labels_v1,ΤΗΛΕΦΩΝΙΑ > Αξεσουάρ κινητών > Hands Free,ΤΗΛΕΦΩΝΙΑ,Αξεσουάρ κινητών,Hands Free,Hands Free,Hands Free,https://www.etranoulis.gr/thlefwnia/aksesouar-kinhtwn/hands-free,active,exact_subcategory,direct_single,resources/templates/electronet/hands_free.json,3f2aeea22536bc8fe68d2cc7bfb0b9eaaf35b8978b5c0a67901e3953c965f6e5,1,9,Επισκόπηση Προϊόντος,Εγγύηση Κατασκευαστή,2,https://www.etranoulis.gr/thlefwnia/aksesouar-kinhtwn/hands-free/akoustika-jbl-wave-buds-2-anc-bluetooth-handsfree-black
sha1:1acad39f3efd1ba7f9cf39fcf777f66cb3a1ee16,power_banks,power_banks_electronet_labels_v1,ΤΗΛΕΦΩΝΙΑ > Αξεσουάρ κινητών > Power Bank,ΤΗΛΕΦΩΝΙΑ,Αξεσουάρ κινητών,Power Bank,Power Banks,Power Banks,https://www.etranoulis.gr/thlefwnia/aksesouar-kinhtwn/power-bank,active,exact_subcategory,direct_single,resources/templates/electronet/power_banks.json,151b7ec288982fd6be57435f07cf1c5075d0935769fb13a7735b8adc58b817e5,1,7,Τεχνικά Χαρακτηριστικά,Εγγύηση Κατασκευαστή,1,https://www.etranoulis.gr/thlefwnia/aksesouar-kinhtwn/power-bank/power-bank-xiaomi-20000mah-33w-tan-gl
sha1:9e1b06ca527495d4ebfeae0f4b535bdf9adb90c3,fortistes,fortistes_electronet_labels_v1,ΤΗΛΕΦΩΝΙΑ > Αξεσουάρ κινητών > Φορτιστές,ΤΗΛΕΦΩΝΙΑ,Αξεσουάρ κινητών,Φορτιστές,Φορτιστές,Φορτιστές,https://www.etranoulis.gr/thlefwnia/aksesouar-kinhtwn/fortistes,active,exact_subcategory,direct_single,resources/templates/electronet/fortistes.json,f2ac343e7569a5ec7c41776399b2da7b7d3f27162f9644a73096f79b5b9b9ede,2,5,Γενικά Χαρακτηριστικά,Ισχύς Φόρτισης,2,https://www.etranoulis.gr/thlefwnia/aksesouar-kinhtwn/fortistes/fortisths-aytokinhtoy-osio-otu-5913w
sha1:96bb09d281162dd81875108868922329557b5290,asyrmata,asyrmata_electronet_labels_v1,ΤΗΛΕΦΩΝΙΑ > Σταθέρα > Ασύρματα,ΤΗΛΕΦΩΝΙΑ,Σταθέρα,Ασύρματα,Ασύρματα,Ασύρματα,https://www.etranoulis.gr/thlefwnia/stathera/asyrmata,active,exact_subcategory,direct_single,resources/templates/electronet/asyrmata.json,c0edc10429307c0260ed2ef94311e5f192919638701324cf424457f5b4b0c8eb,1,15,Επισκόπηση Προϊόντος,Εγγύηση Κατασκευαστή,2,https://www.etranoulis.gr/thlefwnia/stathera/asyrmata/asyrmato-tilefono-panasonic-kx-tg1611grc-mple
sha1:cf24d175aadf6888de75c79f09250a4584751712,ensyrmata,ensyrmata_electronet_labels_v1,ΤΗΛΕΦΩΝΙΑ > Σταθέρα > Ενσύρματα,ΤΗΛΕΦΩΝΙΑ,Σταθέρα,Ενσύρματα,Ενσύρματα,Ενσύρματα,https://www.etranoulis.gr/thlefwnia/stathera/ensyrmata,active,exact_subcategory,direct_single,resources/templates/electronet/ensyrmata.json,5a38280645f883b13e54084fe9bfa051a1cabbe2837e46c7b633f14e9af8ea84,2,17,Γενικά Χαρακτηριστικά,Εγγύηση Κατασκευαστή,2,https://www.etranoulis.gr/thlefwnia/stathera/ensyrmata/ensyrmato-thlefono-motorola-motorola-ct202-mayro
