mapping_id,parent_category,leaf_category,sub_category,etranoulis_taxonomy_path,etranoulis_category_page_url,skroutz_product_url,etranoulis_product_url,etranoulis_category_serialized,notes
1,ΕΙΚΟΝΑ & ΗΧΟΣ,Τηλεοράσεις,,ΕΙΚΟΝΑ & ΗΧΟΣ > Τηλεοράσεις > -,https://www.etranoulis.gr/eikona-hxos/thleoraseis,,,ΕΙΚΟΝΑ & ΗΧΟΣ:::ΕΙΚΟΝΑ & ΗΧΟΣ///Τηλεοράσεις,
2,ΕΙΚΟΝΑ & ΗΧΟΣ,Τηλεοράσεις,8K UHD,ΕΙΚΟΝΑ & ΗΧΟΣ > Τηλεοράσεις > 8K UHD,https://www.etranoulis.gr/eikona-hxos/thleoraseis/8k-uhd,,,ΕΙΚΟΝΑ & ΗΧΟΣ:::ΕΙΚΟΝΑ & ΗΧΟΣ///Τηλεοράσεις:::ΕΙΚΟΝΑ & ΗΧΟΣ///Τηλεοράσεις///8K UHD,
3,ΕΙΚΟΝΑ & ΗΧΟΣ,Τηλεοράσεις,OLED TV,ΕΙΚΟΝΑ & ΗΧΟΣ > Τηλεοράσεις > OLED TV,https://www.etranoulis.gr/eikona-hxos/thleoraseis/oled-tv,,,ΕΙΚΟΝΑ & ΗΧΟΣ:::ΕΙΚΟΝΑ & ΗΧΟΣ///Τηλεοράσεις:::ΕΙΚΟΝΑ & ΗΧΟΣ///Τηλεοράσεις///OLED TV,
4,ΕΙΚΟΝΑ & ΗΧΟΣ,Τηλεοράσεις,TCL,ΕΙΚΟΝΑ & ΗΧΟΣ > Τηλεοράσεις > TCL,https://www.etranoulis.gr/eikona-hxos/thleoraseis/tileoraseis-tcl,,,ΕΙΚΟΝΑ & ΗΧΟΣ:::ΕΙΚΟΝΑ & ΗΧΟΣ///Τηλεοράσεις:::ΕΙΚΟΝΑ & ΗΧΟΣ///Τηλεοράσεις///TCL,
5,ΕΙΚΟΝΑ & ΗΧΟΣ,Τηλεοράσεις,4K UHD,ΕΙΚΟΝΑ & ΗΧΟΣ > Τηλεοράσεις > 4K UHD,https://www.etranoulis.gr/eikona-hxos/thleoraseis/4k-uhd,,,ΕΙΚΟΝΑ & ΗΧΟΣ:::ΕΙΚΟΝΑ & ΗΧΟΣ///Τηλεοράσεις:::ΕΙΚΟΝΑ & ΗΧΟΣ///Τηλεοράσεις///4K UHD,
6,ΕΙΚΟΝΑ & ΗΧΟΣ,Τηλεοράσεις,Έως 32'',ΕΙΚΟΝΑ & ΗΧΟΣ > Τηλεοράσεις > Έως 32'',https://www.etranoulis.gr/eikona-hxos/thleoraseis/ews-32,,,ΕΙΚΟΝΑ & ΗΧΟΣ:::ΕΙΚΟΝΑ & ΗΧΟΣ///Τηλεοράσεις:::ΕΙΚΟΝΑ & ΗΧΟΣ///Τηλεοράσεις///Έως 32'',
7,ΕΙΚΟΝΑ & ΗΧΟΣ,Τηλεοράσεις,33''-50'',ΕΙΚΟΝΑ & ΗΧΟΣ > Τηλεοράσεις > 33''-50'',https://www.etranoulis.gr/eikona-hxos/thleoraseis/33-50,,,ΕΙΚΟΝΑ & ΗΧΟΣ:::ΕΙΚΟΝΑ & ΗΧΟΣ///Τηλεοράσεις:::ΕΙΚΟΝΑ & ΗΧΟΣ///Τηλεοράσεις///33''-50'',
8,ΕΙΚΟΝΑ & ΗΧΟΣ,Τηλεοράσεις,50'' & άνω,ΕΙΚΟΝΑ & ΗΧΟΣ > Τηλεοράσεις > 50'' & άνω,https://www.etranoulis.gr/eikona-hxos/thleoraseis/50-anw,,,ΕΙΚΟΝΑ & ΗΧΟΣ:::ΕΙΚΟΝΑ & ΗΧΟΣ///Τηλεοράσεις:::ΕΙΚΟΝΑ & ΗΧΟΣ///Τηλεοράσεις///50'' & άνω,
9,ΕΙΚΟΝΑ & ΗΧΟΣ,Φορητά,Ραδιόφωνα,ΕΙΚΟΝΑ & ΗΧΟΣ > Φορητά > Ραδιόφωνα,https://www.etranoulis.gr/eikona-hxos/foritsa/radiofwna,,,ΕΙΚΟΝΑ & ΗΧΟΣ:::ΕΙΚΟΝΑ & ΗΧΟΣ///Φορητά:::ΕΙΚΟΝΑ & ΗΧΟΣ///Φορητά///Ραδιόφωνα,
10,ΕΙΚΟΝΑ & ΗΧΟΣ,Φορητά,Radio CD,ΕΙΚΟΝΑ & ΗΧΟΣ > Φορητά > Radio CD,https://www.etranoulis.gr/eikona-hxos/foritsa/radio-cd,,,ΕΙΚΟΝΑ & ΗΧΟΣ:::ΕΙΚΟΝΑ & ΗΧΟΣ///Φορητά:::ΕΙΚΟΝΑ & ΗΧΟΣ///Φορητά///Radio CD,
11,ΕΙΚΟΝΑ & ΗΧΟΣ,Audio Systems,Ηχεία,ΕΙΚΟΝΑ & ΗΧΟΣ > Audio Systems > Ηχεία,https://www.etranoulis.gr/eikona-hxos/audio-systems/hxeia,,,ΕΙΚΟΝΑ & ΗΧΟΣ:::ΕΙΚΟΝΑ & ΗΧΟΣ///Audio Systems:::ΕΙΚΟΝΑ & ΗΧΟΣ///Audio Systems///Ηχεία,
12,ΕΙΚΟΝΑ & ΗΧΟΣ,Audio Systems,Sound Bars,ΕΙΚΟΝΑ & ΗΧΟΣ > Audio Systems > Sound Bars,https://www.etranoulis.gr/eikona-hxos/audio-systems/sound-bars,,,ΕΙΚΟΝΑ & ΗΧΟΣ:::ΕΙΚΟΝΑ & ΗΧΟΣ///Audio Systems:::ΕΙΚΟΝΑ & ΗΧΟΣ///Audio Systems///Sound Bars,
13,ΕΙΚΟΝΑ & ΗΧΟΣ,Audio Systems,Ενισχυτές,ΕΙΚΟΝΑ & ΗΧΟΣ > Audio Systems > Ενισχυτές,https://www.etranoulis.gr/eikona-hxos/audio-systems/enisxytes,,,ΕΙΚΟΝΑ & ΗΧΟΣ:::ΕΙΚΟΝΑ & ΗΧΟΣ///Audio Systems:::ΕΙΚΟΝΑ & ΗΧΟΣ///Audio Systems///Ενισχυτές,
14,ΕΙΚΟΝΑ & ΗΧΟΣ,Audio Systems,DVD,ΕΙΚΟΝΑ & ΗΧΟΣ > Audio Systems > DVD,https://www.etranoulis.gr/eikona-hxos/audio-systems/dvd,,,ΕΙΚΟΝΑ & ΗΧΟΣ:::ΕΙΚΟΝΑ & ΗΧΟΣ///Audio Systems:::ΕΙΚΟΝΑ & ΗΧΟΣ///Audio Systems///DVD,
15,ΕΙΚΟΝΑ & ΗΧΟΣ,Audio Systems,Hifi,ΕΙΚΟΝΑ & ΗΧΟΣ > Audio Systems > Hifi,https://www.etranoulis.gr/eikona-hxos/audio-systems/hifi,,,ΕΙΚΟΝΑ & ΗΧΟΣ:::ΕΙΚΟΝΑ & ΗΧΟΣ///Audio Systems:::ΕΙΚΟΝΑ & ΗΧΟΣ///Audio Systems///Hifi,
16,ΕΙΚΟΝΑ & ΗΧΟΣ,Audio Systems,Πικαπ,ΕΙΚΟΝΑ & ΗΧΟΣ > Audio Systems > Πικαπ,https://www.etranoulis.gr/index.php?route=product/category&path=59_100_310,,,ΕΙΚΟΝΑ & ΗΧΟΣ:::ΕΙΚΟΝΑ & ΗΧΟΣ///Audio Systems:::ΕΙΚΟΝΑ & ΗΧΟΣ///Audio Systems///Πικαπ,
17,ΕΙΚΟΝΑ & ΗΧΟΣ,Audio Systems,DVD Blurays,ΕΙΚΟΝΑ & ΗΧΟΣ > Audio Systems > DVD Blurays,https://www.etranoulis.gr/eikona-hxos/audio-systems/dvd-blurays,,,ΕΙΚΟΝΑ & ΗΧΟΣ:::ΕΙΚΟΝΑ & ΗΧΟΣ///Audio Systems:::ΕΙΚΟΝΑ & ΗΧΟΣ///Audio Systems///DVD Blurays,
18,ΕΙΚΟΝΑ & ΗΧΟΣ,Βάσεις & Έπιπλα TV,Βάσεις,ΕΙΚΟΝΑ & ΗΧΟΣ > Βάσεις & Έπιπλα TV > Βάσεις,https://www.etranoulis.gr/eikona-hxos/vaseis-epipla-tv/vaseis,,,ΕΙΚΟΝΑ & ΗΧΟΣ:::ΕΙΚΟΝΑ & ΗΧΟΣ///Βάσεις & Έπιπλα TV:::ΕΙΚΟΝΑ & ΗΧΟΣ///Βάσεις & Έπιπλα TV///Βάσεις,
19,ΕΙΚΟΝΑ & ΗΧΟΣ,Βάσεις & Έπιπλα TV,Έπιπλα,ΕΙΚΟΝΑ & ΗΧΟΣ > Βάσεις & Έπιπλα TV > Έπιπλα,https://www.etranoulis.gr/eikona-hxos/vaseis-epipla-tv/epipla,,,ΕΙΚΟΝΑ & ΗΧΟΣ:::ΕΙΚΟΝΑ & ΗΧΟΣ///Βάσεις & Έπιπλα TV:::ΕΙΚΟΝΑ & ΗΧΟΣ///Βάσεις & Έπιπλα TV///Έπιπλα,
20,ΕΙΚΟΝΑ & ΗΧΟΣ,Κάμερες,Ψηφιακές κορνίζες,ΕΙΚΟΝΑ & ΗΧΟΣ > Κάμερες > Ψηφιακές κορνίζες,https://www.etranoulis.gr/eikona-hxos/kameres/digital-frames,,,ΕΙΚΟΝΑ & ΗΧΟΣ:::ΕΙΚΟΝΑ & ΗΧΟΣ///Κάμερες:::ΕΙΚΟΝΑ & ΗΧΟΣ///Κάμερες///Ψηφιακές κορνίζες,
21,ΕΙΚΟΝΑ & ΗΧΟΣ,Κάμερες,Φωτογραφικές,ΕΙΚΟΝΑ & ΗΧΟΣ > Κάμερες > Φωτογραφικές,https://www.etranoulis.gr/eikona-hxos/kameres/fwtografikes,,,ΕΙΚΟΝΑ & ΗΧΟΣ:::ΕΙΚΟΝΑ & ΗΧΟΣ///Κάμερες:::ΕΙΚΟΝΑ & ΗΧΟΣ///Κάμερες///Φωτογραφικές,
22,ΕΙΚΟΝΑ & ΗΧΟΣ,Αξεσουάρ,Ψηφιακοί Αποκωδικοποιητές,ΕΙΚΟΝΑ & ΗΧΟΣ > Αξεσουάρ > Ψηφιακοί Αποκωδικοποιητές,https://www.etranoulis.gr/eikona-hxos/eikona-ixos/pshfiakoi-apokwdikopoihtes,,,ΕΙΚΟΝΑ & ΗΧΟΣ:::ΕΙΚΟΝΑ & ΗΧΟΣ///Αξεσουάρ:::ΕΙΚΟΝΑ & ΗΧΟΣ///Αξεσουάρ///Ψηφιακοί Αποκωδικοποιητές,
23,ΕΙΚΟΝΑ & ΗΧΟΣ,Αξεσουάρ,Κεραίες,ΕΙΚΟΝΑ & ΗΧΟΣ > Αξεσουάρ > Κεραίες,https://www.etranoulis.gr/eikona-hxos/eikona-ixos/keraies,,,ΕΙΚΟΝΑ & ΗΧΟΣ:::ΕΙΚΟΝΑ & ΗΧΟΣ///Αξεσουάρ:::ΕΙΚΟΝΑ & ΗΧΟΣ///Αξεσουάρ///Κεραίες,
24,ΕΙΚΟΝΑ & ΗΧΟΣ,Αξεσουάρ,TV Control,ΕΙΚΟΝΑ & ΗΧΟΣ > Αξεσουάρ > TV Control,https://www.etranoulis.gr/eikona-hxos/eikona-ixos/tv-control,,,ΕΙΚΟΝΑ & ΗΧΟΣ:::ΕΙΚΟΝΑ & ΗΧΟΣ///Αξεσουάρ:::ΕΙΚΟΝΑ & ΗΧΟΣ///Αξεσουάρ///TV Control,
25,ΕΙΚΟΝΑ & ΗΧΟΣ,Αξεσουάρ,TV Box,ΕΙΚΟΝΑ & ΗΧΟΣ > Αξεσουάρ > TV Box,https://www.etranoulis.gr/eikona-hxos/eikona-ixos/tv-box,,,ΕΙΚΟΝΑ & ΗΧΟΣ:::ΕΙΚΟΝΑ & ΗΧΟΣ///Αξεσουάρ:::ΕΙΚΟΝΑ & ΗΧΟΣ///Αξεσουάρ///TV Box,
26,ΕΙΚΟΝΑ & ΗΧΟΣ,Car Audio,,ΕΙΚΟΝΑ & ΗΧΟΣ > Car Audio > -,https://www.etranoulis.gr/eikona-hxos/car-audio,,,ΕΙΚΟΝΑ & ΗΧΟΣ:::ΕΙΚΟΝΑ & ΗΧΟΣ///Car Audio,
27,ΤΗΛΕΦΩΝΙΑ,Smartphones,Android,ΤΗΛΕΦΩΝΙΑ > Smartphones > Android,https://www.etranoulis.gr/thlefwnia/smartphones/android,,,ΤΗΛΕΦΩΝΙΑ:::ΤΗΛΕΦΩΝΙΑ///Smartphones:::ΤΗΛΕΦΩΝΙΑ///Smartphones///Android,
28,ΤΗΛΕΦΩΝΙΑ,Smartphones,iOS,ΤΗΛΕΦΩΝΙΑ > Smartphones > iOS,https://www.etranoulis.gr/thlefwnia/smartphones/ios,,,ΤΗΛΕΦΩΝΙΑ:::ΤΗΛΕΦΩΝΙΑ///Smartphones:::ΤΗΛΕΦΩΝΙΑ///Smartphones///iOS,
29,ΤΗΛΕΦΩΝΙΑ,Σταθέρα,Ασύρματα,ΤΗΛΕΦΩΝΙΑ > Σταθέρα > Ασύρματα,https://www.etranoulis.gr/thlefwnia/stathera/asyrmata,,,ΤΗΛΕΦΩΝΙΑ:::ΤΗΛΕΦΩΝΙΑ///Σταθέρα:::ΤΗΛΕΦΩΝΙΑ///Σταθέρα///Ασύρματα,
30,ΤΗΛΕΦΩΝΙΑ,Σταθέρα,Ενσύρματα,ΤΗΛΕΦΩΝΙΑ > Σταθέρα > Ενσύρματα,https://www.etranoulis.gr/thlefwnia/stathera/ensyrmata,,,ΤΗΛΕΦΩΝΙΑ:::ΤΗΛΕΦΩΝΙΑ///Σταθέρα:::ΤΗΛΕΦΩΝΙΑ///Σταθέρα///Ενσύρματα,
31,ΤΗΛΕΦΩΝΙΑ,Tablets,Android,ΤΗΛΕΦΩΝΙΑ > Tablets > Android,https://www.etranoulis.gr/thlefwnia/tablets/tandroid,,,ΤΗΛΕΦΩΝΙΑ:::ΤΗΛΕΦΩΝΙΑ///Tablets:::ΤΗΛΕΦΩΝΙΑ///Tablets///Android,
32,ΤΗΛΕΦΩΝΙΑ,Tablets,iOS,ΤΗΛΕΦΩΝΙΑ > Tablets > iOS,https://www.etranoulis.gr/thlefwnia/tablets/tios,,,ΤΗΛΕΦΩΝΙΑ:::ΤΗΛΕΦΩΝΙΑ///Tablets:::ΤΗΛΕΦΩΝΙΑ///Tablets///iOS,
33,ΤΗΛΕΦΩΝΙΑ,Tablets,Θήκες,ΤΗΛΕΦΩΝΙΑ > Tablets > Θήκες,https://www.etranoulis.gr/thlefwnia/tablets/thikes,,,ΤΗΛΕΦΩΝΙΑ:::ΤΗΛΕΦΩΝΙΑ///Tablets:::ΤΗΛΕΦΩΝΙΑ///Tablets///Θήκες,
34,ΤΗΛΕΦΩΝΙΑ,Αξεσουάρ κινητών,Φορτιστές,ΤΗΛΕΦΩΝΙΑ > Αξεσουάρ κινητών > Φορτιστές,https://www.etranoulis.gr/thlefwnia/aksesouar-kinhtwn/fortistes,,,ΤΗΛΕΦΩΝΙΑ:::ΤΗΛΕΦΩΝΙΑ///Αξεσουάρ κινητών:::ΤΗΛΕΦΩΝΙΑ///Αξεσουάρ κινητών///Φορτιστές,
35,ΤΗΛΕΦΩΝΙΑ,Αξεσουάρ κινητών,Hands Free,ΤΗΛΕΦΩΝΙΑ > Αξεσουάρ κινητών > Hands Free,https://www.etranoulis.gr/thlefwnia/aksesouar-kinhtwn/hands-free,,,ΤΗΛΕΦΩΝΙΑ:::ΤΗΛΕΦΩΝΙΑ///Αξεσουάρ κινητών:::ΤΗΛΕΦΩΝΙΑ///Αξεσουάρ κινητών///Hands Free,
36,ΤΗΛΕΦΩΝΙΑ,Αξεσουάρ κινητών,Power Bank,ΤΗΛΕΦΩΝΙΑ > Αξεσουάρ κινητών > Power Bank,https://www.etranoulis.gr/thlefwnia/aksesouar-kinhtwn/power-bank,,,ΤΗΛΕΦΩΝΙΑ:::ΤΗΛΕΦΩΝΙΑ///Αξεσουάρ κινητών:::ΤΗΛΕΦΩΝΙΑ///Αξεσουάρ κινητών///Power Bank,
37,ΠΛΗΡΟΦΟΡΙΚΗ,Υπολογιστές,Desktops,ΠΛΗΡΟΦΟΡΙΚΗ > Υπολογιστές > Desktops,https://www.etranoulis.gr/plhroforikh/ypologistes/desktops,,,ΠΛΗΡΟΦΟΡΙΚΗ:::ΠΛΗΡΟΦΟΡΙΚΗ///Υπολογιστές:::ΠΛΗΡΟΦΟΡΙΚΗ///Υπολογιστές///Desktops,
38,ΠΛΗΡΟΦΟΡΙΚΗ,Υπολογιστές,Laptops,ΠΛΗΡΟΦΟΡΙΚΗ > Υπολογιστές > Laptops,https://www.etranoulis.gr/plhroforikh/ypologistes/laptops,,,ΠΛΗΡΟΦΟΡΙΚΗ:::ΠΛΗΡΟΦΟΡΙΚΗ///Υπολογιστές:::ΠΛΗΡΟΦΟΡΙΚΗ///Υπολογιστές///Laptops,
39,ΠΛΗΡΟΦΟΡΙΚΗ,Υπολογιστές,Τσάντες Laptop,ΠΛΗΡΟΦΟΡΙΚΗ > Υπολογιστές > Τσάντες Laptop,https://www.etranoulis.gr/plhroforikh/ypologistes/tsantes-laptop,,,ΠΛΗΡΟΦΟΡΙΚΗ:::ΠΛΗΡΟΦΟΡΙΚΗ///Υπολογιστές:::ΠΛΗΡΟΦΟΡΙΚΗ///Υπολογιστές///Τσάντες Laptop,
40,ΠΛΗΡΟΦΟΡΙΚΗ,Εκτυπωτές & Αναλώσιμα,Πολυμηχανήματα,ΠΛΗΡΟΦΟΡΙΚΗ > Εκτυπωτές & Αναλώσιμα > Πολυμηχανήματα,https://www.etranoulis.gr/plhroforikh/ektypwtes-analwsima/polymhxanhmata,,,ΠΛΗΡΟΦΟΡΙΚΗ:::ΠΛΗΡΟΦΟΡΙΚΗ///Εκτυπωτές & Αναλώσιμα:::ΠΛΗΡΟΦΟΡΙΚΗ///Εκτυπωτές & Αναλώσιμα///Πολυμηχανήματα,
41,ΠΛΗΡΟΦΟΡΙΚΗ,Εκτυπωτές & Αναλώσιμα,Εκτυπωτές,ΠΛΗΡΟΦΟΡΙΚΗ > Εκτυπωτές & Αναλώσιμα > Εκτυπωτές,https://www.etranoulis.gr/plhroforikh/ektypwtes-analwsima/ektypwtws,,,ΠΛΗΡΟΦΟΡΙΚΗ:::ΠΛΗΡΟΦΟΡΙΚΗ///Εκτυπωτές & Αναλώσιμα:::ΠΛΗΡΟΦΟΡΙΚΗ///Εκτυπωτές & Αναλώσιμα///Εκτυπωτές,
42,ΠΛΗΡΟΦΟΡΙΚΗ,Εκτυπωτές & Αναλώσιμα,Μελάνια,ΠΛΗΡΟΦΟΡΙΚΗ > Εκτυπωτές & Αναλώσιμα > Μελάνια,https://www.etranoulis.gr/plhroforikh/ektypwtes-analwsima/melania,,,ΠΛΗΡΟΦΟΡΙΚΗ:::ΠΛΗΡΟΦΟΡΙΚΗ///Εκτυπωτές & Αναλώσιμα:::ΠΛΗΡΟΦΟΡΙΚΗ///Εκτυπωτές & Αναλώσιμα///Μελάνια,
43,ΠΛΗΡΟΦΟΡΙΚΗ,Αποθηκευτικά Μέσα,Κάρτες μνήμης,ΠΛΗΡΟΦΟΡΙΚΗ > Αποθηκευτικά Μέσα > Κάρτες μνήμης,https://www.etranoulis.gr/plhroforikh/apothikeutika-mesa/kartes-mnhmhs,,,ΠΛΗΡΟΦΟΡΙΚΗ:::ΠΛΗΡΟΦΟΡΙΚΗ///Αποθηκευτικά Μέσα:::ΠΛΗΡΟΦΟΡΙΚΗ///Αποθηκευτικά Μέσα///Κάρτες μνήμης,
44,ΠΛΗΡΟΦΟΡΙΚΗ,Αποθηκευτικά Μέσα,Σκληροί δίσκοι,ΠΛΗΡΟΦΟΡΙΚΗ > Αποθηκευτικά Μέσα > Σκληροί δίσκοι,https://www.etranoulis.gr/index.php?route=product/category&path=139_143_156,,,ΠΛΗΡΟΦΟΡΙΚΗ:::ΠΛΗΡΟΦΟΡΙΚΗ///Αποθηκευτικά Μέσα:::ΠΛΗΡΟΦΟΡΙΚΗ///Αποθηκευτικά Μέσα///Σκληροί δίσκοι,
45,ΠΛΗΡΟΦΟΡΙΚΗ,Περιφερειακά,Αξεσουάρ Περιφερειακών,ΠΛΗΡΟΦΟΡΙΚΗ > Περιφερειακά > Αξεσουάρ Περιφερειακών,https://www.etranoulis.gr/plhroforikh/perifereiaka/axesoyar,,,ΠΛΗΡΟΦΟΡΙΚΗ:::ΠΛΗΡΟΦΟΡΙΚΗ///Περιφερειακά:::ΠΛΗΡΟΦΟΡΙΚΗ///Περιφερειακά///Αξεσουάρ Περιφερειακών,
46,ΠΛΗΡΟΦΟΡΙΚΗ,Περιφερειακά,Πληκτρολόγια,ΠΛΗΡΟΦΟΡΙΚΗ > Περιφερειακά > Πληκτρολόγια,https://www.etranoulis.gr/plhroforikh/perifereiaka/plhktrologia,,,ΠΛΗΡΟΦΟΡΙΚΗ:::ΠΛΗΡΟΦΟΡΙΚΗ///Περιφερειακά:::ΠΛΗΡΟΦΟΡΙΚΗ///Περιφερειακά///Πληκτρολόγια,
47,ΠΛΗΡΟΦΟΡΙΚΗ,Περιφερειακά,Ακουστικά,ΠΛΗΡΟΦΟΡΙΚΗ > Περιφερειακά > Ακουστικά,https://www.etranoulis.gr/plhroforikh/perifereiaka/akoustika,,,ΠΛΗΡΟΦΟΡΙΚΗ:::ΠΛΗΡΟΦΟΡΙΚΗ///Περιφερειακά:::ΠΛΗΡΟΦΟΡΙΚΗ///Περιφερειακά///Ακουστικά,
48,ΠΛΗΡΟΦΟΡΙΚΗ,Περιφερειακά,Οθόνες,ΠΛΗΡΟΦΟΡΙΚΗ > Περιφερειακά > Οθόνες,https://www.etranoulis.gr/plhroforikh/perifereiaka/othones,,,ΠΛΗΡΟΦΟΡΙΚΗ:::ΠΛΗΡΟΦΟΡΙΚΗ///Περιφερειακά:::ΠΛΗΡΟΦΟΡΙΚΗ///Περιφερειακά///Οθόνες,
49,ΠΛΗΡΟΦΟΡΙΚΗ,Περιφερειακά,Προστατευτικά Ρεύματος,ΠΛΗΡΟΦΟΡΙΚΗ > Περιφερειακά > Προστατευτικά Ρεύματος,https://www.etranoulis.gr/plhroforikh/perifereiaka/prostateutika-reumatos,,,ΠΛΗΡΟΦΟΡΙΚΗ:::ΠΛΗΡΟΦΟΡΙΚΗ///Περιφερειακά:::ΠΛΗΡΟΦΟΡΙΚΗ///Περιφερειακά///Προστατευτικά Ρεύματος,
50,ΠΛΗΡΟΦΟΡΙΚΗ,Περιφερειακά,Ποντίκια,ΠΛΗΡΟΦΟΡΙΚΗ > Περιφερειακά > Ποντίκια,https://www.etranoulis.gr/plhroforikh/perifereiaka/pontikia,,,ΠΛΗΡΟΦΟΡΙΚΗ:::ΠΛΗΡΟΦΟΡΙΚΗ///Περιφερειακά:::ΠΛΗΡΟΦΟΡΙΚΗ///Περιφερειακά///Ποντίκια,
51,ΟΙΚΙΑΚΕΣ ΣΥΣΚΕΥΕΣ,Κουζίνες,,ΟΙΚΙΑΚΕΣ ΣΥΣΚΕΥΕΣ > Κουζίνες > -,https://www.etranoulis.gr/oikiakes-syskeues/kouzines,,,ΟΙΚΙΑΚΕΣ ΣΥΣΚΕΥΕΣ:::ΟΙΚΙΑΚΕΣ ΣΥΣΚΕΥΕΣ///Κουζίνες,
52,ΟΙΚΙΑΚΕΣ ΣΥΣΚΕΥΕΣ,Κουζίνες,Κουζίνες Κεραμικές,ΟΙΚΙΑΚΕΣ ΣΥΣΚΕΥΕΣ > Κουζίνες > Κουζίνες Κεραμικές,https://www.etranoulis.gr/oikiakes-syskeues/kouzines/kouzines-keramikes,,,ΟΙΚΙΑΚΕΣ ΣΥΣΚΕΥΕΣ:::ΟΙΚΙΑΚΕΣ ΣΥΣΚΕΥΕΣ///Κουζίνες:::ΟΙΚΙΑΚΕΣ ΣΥΣΚΕΥΕΣ///Κουζίνες///Κουζίνες Κεραμικές,
53,ΟΙΚΙΑΚΕΣ ΣΥΣΚΕΥΕΣ,Κουζίνες,Κουζίνες Εμαγιέ,ΟΙΚΙΑΚΕΣ ΣΥΣΚΕΥΕΣ > Κουζίνες > Κουζίνες Εμαγιέ,https://www.etranoulis.gr/oikiakes-syskeues/kouzines/kouzines-emagie,,,ΟΙΚΙΑΚΕΣ ΣΥΣΚΕΥΕΣ:::ΟΙΚΙΑΚΕΣ ΣΥΣΚΕΥΕΣ///Κουζίνες:::ΟΙΚΙΑΚΕΣ ΣΥΣΚΕΥΕΣ///Κουζίνες///Κουζίνες Εμαγιέ,
54,ΟΙΚΙΑΚΕΣ ΣΥΣΚΕΥΕΣ,Κουζίνες,Κουζίνες Αερίου,ΟΙΚΙΑΚΕΣ ΣΥΣΚΕΥΕΣ > Κουζίνες > Κουζίνες Αερίου,https://www.etranoulis.gr/oikiakes-syskeues/kouzines/kouzines-aeriou,,,ΟΙΚΙΑΚΕΣ ΣΥΣΚΕΥΕΣ:::ΟΙΚΙΑΚΕΣ ΣΥΣΚΕΥΕΣ///Κουζίνες:::ΟΙΚΙΑΚΕΣ ΣΥΣΚΕΥΕΣ///Κουζίνες///Κουζίνες Αερίου,
55,ΟΙΚΙΑΚΕΣ ΣΥΣΚΕΥΕΣ,Πλυντήρια Πιάτων,,ΟΙΚΙΑΚΕΣ ΣΥΣΚΕΥΕΣ > Πλυντήρια Πιάτων > -,https://www.etranoulis.gr/oikiakes-syskeues/plynthria-piatwn,,,ΟΙΚΙΑΚΕΣ ΣΥΣΚΕΥΕΣ:::ΟΙΚΙΑΚΕΣ ΣΥΣΚΕΥΕΣ///Πλυντήρια Πιάτων,
56,ΟΙΚΙΑΚΕΣ ΣΥΣΚΕΥΕΣ,Πλυντήρια Πιάτων,45cm,ΟΙΚΙΑΚΕΣ ΣΥΣΚΕΥΕΣ > Πλυντήρια Πιάτων > 45cm,https://www.etranoulis.gr/index.php?route=product/category&path=162_166_273,,,ΟΙΚΙΑΚΕΣ ΣΥΣΚΕΥΕΣ:::ΟΙΚΙΑΚΕΣ ΣΥΣΚΕΥΕΣ///Πλυντήρια Πιάτων:::ΟΙΚΙΑΚΕΣ ΣΥΣΚΕΥΕΣ///Πλυντήρια Πιάτων///45cm,
57,ΟΙΚΙΑΚΕΣ ΣΥΣΚΕΥΕΣ,Πλυντήρια Πιάτων,60cm,ΟΙΚΙΑΚΕΣ ΣΥΣΚΕΥΕΣ > Πλυντήρια Πιάτων > 60cm,https://www.etranoulis.gr/oikiakes-syskeues/plynthria-piatwn/60cm,,,ΟΙΚΙΑΚΕΣ ΣΥΣΚΕΥΕΣ:::ΟΙΚΙΑΚΕΣ ΣΥΣΚΕΥΕΣ///Πλυντήρια Πιάτων:::ΟΙΚΙΑΚΕΣ ΣΥΣΚΕΥΕΣ///Πλυντήρια Πιάτων///60cm,
58,ΟΙΚΙΑΚΕΣ ΣΥΣΚΕΥΕΣ,Πλυντήρια Πιάτων,Επιτραπέζια,ΟΙΚΙΑΚΕΣ ΣΥΣΚΕΥΕΣ > Πλυντήρια Πιάτων > Επιτραπέζια,https://www.etranoulis.gr/oikiakes-syskeues/plynthria-piatwn/epitrapezia,,,ΟΙΚΙΑΚΕΣ ΣΥΣΚΕΥΕΣ:::ΟΙΚΙΑΚΕΣ ΣΥΣΚΕΥΕΣ///Πλυντήρια Πιάτων:::ΟΙΚΙΑΚΕΣ ΣΥΣΚΕΥΕΣ///Πλυντήρια Πιάτων///Επιτραπέζια,
59,ΟΙΚΙΑΚΕΣ ΣΥΣΚΕΥΕΣ,Ψυγεία & Καταψύκτες,Ψυγεία,ΟΙΚΙΑΚΕΣ ΣΥΣΚΕΥΕΣ > Ψυγεία & Καταψύκτες > Ψυγεία,https://www.etranoulis.gr/oikiakes-syskeues/psygeia-katapsyktes/psygeia,,,ΟΙΚΙΑΚΕΣ ΣΥΣΚΕΥΕΣ:::ΟΙΚΙΑΚΕΣ ΣΥΣΚΕΥΕΣ///Ψυγεία & Καταψύκτες:::ΟΙΚΙΑΚΕΣ ΣΥΣΚΕΥΕΣ///Ψυγεία & Καταψύκτες///Ψυγεία,
60,ΟΙΚΙΑΚΕΣ ΣΥΣΚΕΥΕΣ,Ψυγεία & Καταψύκτες,Ψυγειοκαταψύκτες,ΟΙΚΙΑΚΕΣ ΣΥΣΚΕΥΕΣ > Ψυγεία & Καταψύκτες > Ψυγειοκαταψύκτες,https://www.etranoulis.gr/oikiakes-syskeues/psygeia-katapsyktes/psygeiokatapsyktes,,,ΟΙΚΙΑΚΕΣ ΣΥΣΚΕΥΕΣ:::ΟΙΚΙΑΚΕΣ ΣΥΣΚΕΥΕΣ///Ψυγεία & Καταψύκτες:::ΟΙΚΙΑΚΕΣ ΣΥΣΚΕΥΕΣ///Ψυγεία & Καταψύκτες///Ψυγειοκαταψύκτες,
61,ΟΙΚΙΑΚΕΣ ΣΥΣΚΕΥΕΣ,Ψυγεία & Καταψύκτες,Ψυγεία Ντουλάπες,ΟΙΚΙΑΚΕΣ ΣΥΣΚΕΥΕΣ > Ψυγεία & Καταψύκτες > Ψυγεία Ντουλάπες,https://www.etranoulis.gr/oikiakes-syskeues/psygeia-katapsyktes/psygeia-ntoulapes,,,ΟΙΚΙΑΚΕΣ ΣΥΣΚΕΥΕΣ:::ΟΙΚΙΑΚΕΣ ΣΥΣΚΕΥΕΣ///Ψυγεία & Καταψύκτες:::ΟΙΚΙΑΚΕΣ ΣΥΣΚΕΥΕΣ///Ψυγεία & Καταψύκτες///Ψυγεία Ντουλάπες,
62,ΟΙΚΙΑΚΕΣ ΣΥΣΚΕΥΕΣ,Ψυγεία & Καταψύκτες,Καταψύκτες,ΟΙΚΙΑΚΕΣ ΣΥΣΚΕΥΕΣ > Ψυγεία & Καταψύκτες > Καταψύκτες,https://www.etranoulis.gr/oikiakes-syskeues/psygeia-katapsyktes/katapsyktes,,,ΟΙΚΙΑΚΕΣ ΣΥΣΚΕΥΕΣ:::ΟΙΚΙΑΚΕΣ ΣΥΣΚΕΥΕΣ///Ψυγεία & Καταψύκτες:::ΟΙΚΙΑΚΕΣ ΣΥΣΚΕΥΕΣ///Ψυγεία & Καταψύκτες///Καταψύκτες,
63,ΟΙΚΙΑΚΕΣ ΣΥΣΚΕΥΕΣ,Ψυγεία & Καταψύκτες,Συντηρητές Κρασιών,ΟΙΚΙΑΚΕΣ ΣΥΣΚΕΥΕΣ > Ψυγεία & Καταψύκτες > Συντηρητές Κρασιών,https://www.etranoulis.gr/oikiakes-syskeues/psygeia-katapsyktes/synthrhtes-krasiwn,,,ΟΙΚΙΑΚΕΣ ΣΥΣΚΕΥΕΣ:::ΟΙΚΙΑΚΕΣ ΣΥΣΚΕΥΕΣ///Ψυγεία & Καταψύκτες:::ΟΙΚΙΑΚΕΣ ΣΥΣΚΕΥΕΣ///Ψυγεία & Καταψύκτες///Συντηρητές Κρασιών,
64,ΟΙΚΙΑΚΕΣ ΣΥΣΚΕΥΕΣ,Πλυντήρια-Στεγνωτήρια,Πλυντήρια Ρούχων,ΟΙΚΙΑΚΕΣ ΣΥΣΚΕΥΕΣ > Πλυντήρια-Στεγνωτήρια > Πλυντήρια Ρούχων,https://www.etranoulis.gr/oikiakes-syskeues/plynthria-stegnwthria/plynthria-rouxwn,,,ΟΙΚΙΑΚΕΣ ΣΥΣΚΕΥΕΣ:::ΟΙΚΙΑΚΕΣ ΣΥΣΚΕΥΕΣ///Πλυντήρια-Στεγνωτήρια:::ΟΙΚΙΑΚΕΣ ΣΥΣΚΕΥΕΣ///Πλυντήρια-Στεγνωτήρια///Πλυντήρια Ρούχων,
65,ΟΙΚΙΑΚΕΣ ΣΥΣΚΕΥΕΣ,Πλυντήρια-Στεγνωτήρια,Στεγνωτήρια Ρούχων,ΟΙΚΙΑΚΕΣ ΣΥΣΚΕΥΕΣ > Πλυντήρια-Στεγνωτήρια > Στεγνωτήρια Ρούχων,https://www.etranoulis.gr/oikiakes-syskeues/plynthria-stegnwthria/stegnwthria-rouxwn,,,ΟΙΚΙΑΚΕΣ ΣΥΣΚΕΥΕΣ:::ΟΙΚΙΑΚΕΣ ΣΥΣΚΕΥΕΣ///Πλυντήρια-Στεγνωτήρια:::ΟΙΚΙΑΚΕΣ ΣΥΣΚΕΥΕΣ///Πλυντήρια-Στεγνωτήρια///Στεγνωτήρια Ρούχων,
66,ΟΙΚΙΑΚΕΣ ΣΥΣΚΕΥΕΣ,Πλυντήρια-Στεγνωτήρια,Πλυντήρια Στεγνωτήρια 2 in1,ΟΙΚΙΑΚΕΣ ΣΥΣΚΕΥΕΣ > Πλυντήρια-Στεγνωτήρια > Πλυντήρια Στεγνωτήρια 2 in1,https://www.etranoulis.gr/oikiakes-syskeues/plynthria-stegnwthria/plynthria-stegnwthria-2-1,,,ΟΙΚΙΑΚΕΣ ΣΥΣΚΕΥΕΣ:::ΟΙΚΙΑΚΕΣ ΣΥΣΚΕΥΕΣ///Πλυντήρια-Στεγνωτήρια:::ΟΙΚΙΑΚΕΣ ΣΥΣΚΕΥΕΣ///Πλυντήρια-Στεγνωτήρια///Πλυντήρια Στεγνωτήρια 2 in1,
67,ΟΙΚΙΑΚΕΣ ΣΥΣΚΕΥΕΣ,Εντοιχιζόμενες Συσκευές,Σετ Φούρνοι & Εστίες & Απορροφητήρες,ΟΙΚΙΑΚΕΣ ΣΥΣΚΕΥΕΣ > Εντοιχιζόμενες Συσκευές > Σετ Φούρνοι & Εστίες & Απορροφητήρες,https://www.etranoulis.gr/oikiakes-syskeues/entoixizomenes-syskeues/sets-ovens-hobs-hoods,,,ΟΙΚΙΑΚΕΣ ΣΥΣΚΕΥΕΣ:::ΟΙΚΙΑΚΕΣ ΣΥΣΚΕΥΕΣ///Εντοιχιζόμενες Συσκευές:::ΟΙΚΙΑΚΕΣ ΣΥΣΚΕΥΕΣ///Εντοιχιζόμενες Συσκευές///Σετ Φούρνοι & Εστίες & Απορροφητήρες,
68,ΟΙΚΙΑΚΕΣ ΣΥΣΚΕΥΕΣ,Εντοιχιζόμενες Συσκευές,Φούρνοι,ΟΙΚΙΑΚΕΣ ΣΥΣΚΕΥΕΣ > Εντοιχιζόμενες Συσκευές > Φούρνοι,https://www.etranoulis.gr/oikiakes-syskeues/entoixizomenes-syskeues/fournoi,,,ΟΙΚΙΑΚΕΣ ΣΥΣΚΕΥΕΣ:::ΟΙΚΙΑΚΕΣ ΣΥΣΚΕΥΕΣ///Εντοιχιζόμενες Συσκευές:::ΟΙΚΙΑΚΕΣ ΣΥΣΚΕΥΕΣ///Εντοιχιζόμενες Συσκευές///Φούρνοι,
69,ΟΙΚΙΑΚΕΣ ΣΥΣΚΕΥΕΣ,Εντοιχιζόμενες Συσκευές,Εστίες,ΟΙΚΙΑΚΕΣ ΣΥΣΚΕΥΕΣ > Εντοιχιζόμενες Συσκευές > Εστίες,https://www.etranoulis.gr/oikiakes-syskeues/entoixizomenes-syskeues/esties,,,ΟΙΚΙΑΚΕΣ ΣΥΣΚΕΥΕΣ:::ΟΙΚΙΑΚΕΣ ΣΥΣΚΕΥΕΣ///Εντοιχιζόμενες Συσκευές:::ΟΙΚΙΑΚΕΣ ΣΥΣΚΕΥΕΣ///Εντοιχιζόμενες Συσκευές///Εστίες,
70,ΟΙΚΙΑΚΕΣ ΣΥΣΚΕΥΕΣ,Εντοιχιζόμενες Συσκευές,Σετ Φούρνοι και Εστίες,ΟΙΚΙΑΚΕΣ ΣΥΣΚΕΥΕΣ > Εντοιχιζόμενες Συσκευές > Σετ Φούρνοι και Εστίες,https://www.etranoulis.gr/oikiakes-syskeues/entoixizomenes-syskeues/Set-fournoi-esties,,,ΟΙΚΙΑΚΕΣ ΣΥΣΚΕΥΕΣ:::ΟΙΚΙΑΚΕΣ ΣΥΣΚΕΥΕΣ///Εντοιχιζόμενες Συσκευές:::ΟΙΚΙΑΚΕΣ ΣΥΣΚΕΥΕΣ///Εντοιχιζόμενες Συσκευές///Σετ Φούρνοι και Εστίες,
71,ΟΙΚΙΑΚΕΣ ΣΥΣΚΕΥΕΣ,Εντοιχιζόμενες Συσκευές,Μικροκυμάτων,ΟΙΚΙΑΚΕΣ ΣΥΣΚΕΥΕΣ > Εντοιχιζόμενες Συσκευές > Μικροκυμάτων,https://www.etranoulis.gr/oikiakes-syskeues/entoixizomenes-syskeues/mikrokymatwn,,,ΟΙΚΙΑΚΕΣ ΣΥΣΚΕΥΕΣ:::ΟΙΚΙΑΚΕΣ ΣΥΣΚΕΥΕΣ///Εντοιχιζόμενες Συσκευές:::ΟΙΚΙΑΚΕΣ ΣΥΣΚΕΥΕΣ///Εντοιχιζόμενες Συσκευές///Μικροκυμάτων,
72,ΟΙΚΙΑΚΕΣ ΣΥΣΚΕΥΕΣ,Εντοιχιζόμενες Συσκευές,Πλυντήρια Πιάτων,ΟΙΚΙΑΚΕΣ ΣΥΣΚΕΥΕΣ > Εντοιχιζόμενες Συσκευές > Πλυντήρια Πιάτων,https://www.etranoulis.gr/oikiakes-syskeues/entoixizomenes-syskeues/en-plynthria-piatwn,,,ΟΙΚΙΑΚΕΣ ΣΥΣΚΕΥΕΣ:::ΟΙΚΙΑΚΕΣ ΣΥΣΚΕΥΕΣ///Εντοιχιζόμενες Συσκευές:::ΟΙΚΙΑΚΕΣ ΣΥΣΚΕΥΕΣ///Εντοιχιζόμενες Συσκευές///Πλυντήρια Πιάτων,
73,ΟΙΚΙΑΚΕΣ ΣΥΣΚΕΥΕΣ,Εντοιχιζόμενες Συσκευές,Ψυγεία,ΟΙΚΙΑΚΕΣ ΣΥΣΚΕΥΕΣ > Εντοιχιζόμενες Συσκευές > Ψυγεία,https://www.etranoulis.gr/oikiakes-syskeues/entoixizomenes-syskeues/ent-psygeia,,,ΟΙΚΙΑΚΕΣ ΣΥΣΚΕΥΕΣ:::ΟΙΚΙΑΚΕΣ ΣΥΣΚΕΥΕΣ///Εντοιχιζόμενες Συσκευές:::ΟΙΚΙΑΚΕΣ ΣΥΣΚΕΥΕΣ///Εντοιχιζόμενες Συσκευές///Ψυγεία,
74,ΟΙΚΙΑΚΕΣ ΣΥΣΚΕΥΕΣ,Εντοιχιζόμενες Συσκευές,Καταψύκτες,ΟΙΚΙΑΚΕΣ ΣΥΣΚΕΥΕΣ > Εντοιχιζόμενες Συσκευές > Καταψύκτες,https://www.etranoulis.gr/oikiakes-syskeues/entoixizomenes-syskeues/en-katapsyktes,,,ΟΙΚΙΑΚΕΣ ΣΥΣΚΕΥΕΣ:::ΟΙΚΙΑΚΕΣ ΣΥΣΚΕΥΕΣ///Εντοιχιζόμενες Συσκευές:::ΟΙΚΙΑΚΕΣ ΣΥΣΚΕΥΕΣ///Εντοιχιζόμενες Συσκευές///Καταψύκτες,
75,ΟΙΚΙΑΚΕΣ ΣΥΣΚΕΥΕΣ,Εντοιχιζόμενες Συσκευές,Πλυντήρια Ρούχων,ΟΙΚΙΑΚΕΣ ΣΥΣΚΕΥΕΣ > Εντοιχιζόμενες Συσκευές > Πλυντήρια Ρούχων,https://www.etranoulis.gr/oikiakes-syskeues/entoixizomenes-syskeues/en-plynthria-rouxwn,,,ΟΙΚΙΑΚΕΣ ΣΥΣΚΕΥΕΣ:::ΟΙΚΙΑΚΕΣ ΣΥΣΚΕΥΕΣ///Εντοιχιζόμενες Συσκευές:::ΟΙΚΙΑΚΕΣ ΣΥΣΚΕΥΕΣ///Εντοιχιζόμενες Συσκευές///Πλυντήρια Ρούχων,
76,ΟΙΚΙΑΚΕΣ ΣΥΣΚΕΥΕΣ,Απορροφητήρες,,ΟΙΚΙΑΚΕΣ ΣΥΣΚΕΥΕΣ > Απορροφητήρες > -,https://www.etranoulis.gr/oikiakes-syskeues/aporrofhthres,,,ΟΙΚΙΑΚΕΣ ΣΥΣΚΕΥΕΣ:::ΟΙΚΙΑΚΕΣ ΣΥΣΚΕΥΕΣ///Απορροφητήρες,
77,ΟΙΚΙΑΚΕΣ ΣΥΣΚΕΥΕΣ,Φούρνοι Μικροκυμάτων,,ΟΙΚΙΑΚΕΣ ΣΥΣΚΕΥΕΣ > Φούρνοι Μικροκυμάτων > -,https://www.etranoulis.gr/oikiakes-syskeues/fournoi-mikrokymatwn,,,ΟΙΚΙΑΚΕΣ ΣΥΣΚΕΥΕΣ:::ΟΙΚΙΑΚΕΣ ΣΥΣΚΕΥΕΣ///Φούρνοι Μικροκυμάτων,
78,ΟΙΚΙΑΚΕΣ ΣΥΣΚΕΥΕΣ,Φούρνοι Μικροκυμάτων,Με Grill,ΟΙΚΙΑΚΕΣ ΣΥΣΚΕΥΕΣ > Φούρνοι Μικροκυμάτων > Με Grill,https://www.etranoulis.gr/oikiakes-syskeues/fournoi-mikrokymatwn/microwave-with-grill,,,ΟΙΚΙΑΚΕΣ ΣΥΣΚΕΥΕΣ:::ΟΙΚΙΑΚΕΣ ΣΥΣΚΕΥΕΣ///Φούρνοι Μικροκυμάτων:::ΟΙΚΙΑΚΕΣ ΣΥΣΚΕΥΕΣ///Φούρνοι Μικροκυμάτων///Με Grill,
79,ΟΙΚΙΑΚΕΣ ΣΥΣΚΕΥΕΣ,Φούρνοι Μικροκυμάτων,Χωρίς Grill,ΟΙΚΙΑΚΕΣ ΣΥΣΚΕΥΕΣ > Φούρνοι Μικροκυμάτων > Χωρίς Grill,https://www.etranoulis.gr/oikiakes-syskeues/fournoi-mikrokymatwn/microwave-without-grill,,,ΟΙΚΙΑΚΕΣ ΣΥΣΚΕΥΕΣ:::ΟΙΚΙΑΚΕΣ ΣΥΣΚΕΥΕΣ///Φούρνοι Μικροκυμάτων:::ΟΙΚΙΑΚΕΣ ΣΥΣΚΕΥΕΣ///Φούρνοι Μικροκυμάτων///Χωρίς Grill,
80,ΟΙΚΙΑΚΕΣ ΣΥΣΚΕΥΕΣ,Αξεσουάρ Οικιακών Συσκευών,,ΟΙΚΙΑΚΕΣ ΣΥΣΚΕΥΕΣ > Αξεσουάρ Οικιακών Συσκευών > -,https://www.etranoulis.gr/oikiakes-syskeues/aksesouar-oikiakwn-syskeuwn,,,ΟΙΚΙΑΚΕΣ ΣΥΣΚΕΥΕΣ:::ΟΙΚΙΑΚΕΣ ΣΥΣΚΕΥΕΣ///Αξεσουάρ Οικιακών Συσκευών,
81,ΚΛΙΜΑΤΙΣΜΟΣ ΘΕΡΜΑΝΣΗ,Εντομοαπωθητικά,,ΚΛΙΜΑΤΙΣΜΟΣ ΘΕΡΜΑΝΣΗ > Εντομοαπωθητικά > -,https://www.etranoulis.gr/klimatismos-thermansi/entomoapothitika,,,ΚΛΙΜΑΤΙΣΜΟΣ ΘΕΡΜΑΝΣΗ:::ΚΛΙΜΑΤΙΣΜΟΣ ΘΕΡΜΑΝΣΗ///Εντομοαπωθητικά,
82,ΚΛΙΜΑΤΙΣΜΟΣ ΘΕΡΜΑΝΣΗ,Ηλιακοί Θερμοσίφωνες,,ΚΛΙΜΑΤΙΣΜΟΣ ΘΕΡΜΑΝΣΗ > Ηλιακοί Θερμοσίφωνες > -,https://www.etranoulis.gr/klimatismos-thermansi/hliakoi-thermosifones,,,ΚΛΙΜΑΤΙΣΜΟΣ ΘΕΡΜΑΝΣΗ:::ΚΛΙΜΑΤΙΣΜΟΣ ΘΕΡΜΑΝΣΗ///Ηλιακοί Θερμοσίφωνες,
83,ΚΛΙΜΑΤΙΣΜΟΣ ΘΕΡΜΑΝΣΗ,Κλιματιστικά,,ΚΛΙΜΑΤΙΣΜΟΣ ΘΕΡΜΑΝΣΗ > Κλιματιστικά > -,https://www.etranoulis.gr/klimatismos-thermansi/klimatistika,,,ΚΛΙΜΑΤΙΣΜΟΣ ΘΕΡΜΑΝΣΗ:::ΚΛΙΜΑΤΙΣΜΟΣ ΘΕΡΜΑΝΣΗ///Κλιματιστικά,
84,ΚΛΙΜΑΤΙΣΜΟΣ ΘΕΡΜΑΝΣΗ,Κλιματιστικά,Τοίχου,ΚΛΙΜΑΤΙΣΜΟΣ ΘΕΡΜΑΝΣΗ > Κλιματιστικά > Τοίχου,https://www.etranoulis.gr/klimatismos-thermansi/klimatistika/toixou,,,ΚΛΙΜΑΤΙΣΜΟΣ ΘΕΡΜΑΝΣΗ:::ΚΛΙΜΑΤΙΣΜΟΣ ΘΕΡΜΑΝΣΗ///Κλιματιστικά:::ΚΛΙΜΑΤΙΣΜΟΣ ΘΕΡΜΑΝΣΗ///Κλιματιστικά///Τοίχου,
85,ΚΛΙΜΑΤΙΣΜΟΣ ΘΕΡΜΑΝΣΗ,Κλιματιστικά,Φορητά,ΚΛΙΜΑΤΙΣΜΟΣ ΘΕΡΜΑΝΣΗ > Κλιματιστικά > Φορητά,https://www.etranoulis.gr/klimatismos-thermansi/klimatistika/forita,,,ΚΛΙΜΑΤΙΣΜΟΣ ΘΕΡΜΑΝΣΗ:::ΚΛΙΜΑΤΙΣΜΟΣ ΘΕΡΜΑΝΣΗ///Κλιματιστικά:::ΚΛΙΜΑΤΙΣΜΟΣ ΘΕΡΜΑΝΣΗ///Κλιματιστικά///Φορητά,
86,ΚΛΙΜΑΤΙΣΜΟΣ ΘΕΡΜΑΝΣΗ,Κλιματιστικά,Ντουλάπες,ΚΛΙΜΑΤΙΣΜΟΣ ΘΕΡΜΑΝΣΗ > Κλιματιστικά > Ντουλάπες,https://www.etranoulis.gr/klimatismos-thermansi/klimatistika/ntoulapes,,,ΚΛΙΜΑΤΙΣΜΟΣ ΘΕΡΜΑΝΣΗ:::ΚΛΙΜΑΤΙΣΜΟΣ ΘΕΡΜΑΝΣΗ///Κλιματιστικά:::ΚΛΙΜΑΤΙΣΜΟΣ ΘΕΡΜΑΝΣΗ///Κλιματιστικά///Ντουλάπες,
87,ΚΛΙΜΑΤΙΣΜΟΣ ΘΕΡΜΑΝΣΗ,Κλιματιστικά,Αξεσουάρ Κλιματιστικών,ΚΛΙΜΑΤΙΣΜΟΣ ΘΕΡΜΑΝΣΗ > Κλιματιστικά > Αξεσουάρ Κλιματιστικών,https://www.etranoulis.gr/klimatismos-thermansi/klimatistika/aksesouar-klimatistikwn,,,ΚΛΙΜΑΤΙΣΜΟΣ ΘΕΡΜΑΝΣΗ:::ΚΛΙΜΑΤΙΣΜΟΣ ΘΕΡΜΑΝΣΗ///Κλιματιστικά:::ΚΛΙΜΑΤΙΣΜΟΣ ΘΕΡΜΑΝΣΗ///Κλιματιστικά///Αξεσουάρ Κλιματιστικών,
88,ΚΛΙΜΑΤΙΣΜΟΣ ΘΕΡΜΑΝΣΗ,Ανεμιστήρες,,ΚΛΙΜΑΤΙΣΜΟΣ ΘΕΡΜΑΝΣΗ > Ανεμιστήρες > -,https://www.etranoulis.gr/klimatismos-thermansi/anemisthres,,,ΚΛΙΜΑΤΙΣΜΟΣ ΘΕΡΜΑΝΣΗ:::ΚΛΙΜΑΤΙΣΜΟΣ ΘΕΡΜΑΝΣΗ///Ανεμιστήρες,
89,ΚΛΙΜΑΤΙΣΜΟΣ ΘΕΡΜΑΝΣΗ,Ανεμιστήρες,Mini,ΚΛΙΜΑΤΙΣΜΟΣ ΘΕΡΜΑΝΣΗ > Ανεμιστήρες > Mini,https://www.etranoulis.gr/index.php?route=product/category&path=194_196_304,,,ΚΛΙΜΑΤΙΣΜΟΣ ΘΕΡΜΑΝΣΗ:::ΚΛΙΜΑΤΙΣΜΟΣ ΘΕΡΜΑΝΣΗ///Ανεμιστήρες:::ΚΛΙΜΑΤΙΣΜΟΣ ΘΕΡΜΑΝΣΗ///Ανεμιστήρες///Mini,
90,ΚΛΙΜΑΤΙΣΜΟΣ ΘΕΡΜΑΝΣΗ,Ανεμιστήρες,Υδρονέφωσης,ΚΛΙΜΑΤΙΣΜΟΣ ΘΕΡΜΑΝΣΗ > Ανεμιστήρες > Υδρονέφωσης,https://www.etranoulis.gr/index.php?route=product/category&path=194_196_305,,,ΚΛΙΜΑΤΙΣΜΟΣ ΘΕΡΜΑΝΣΗ:::ΚΛΙΜΑΤΙΣΜΟΣ ΘΕΡΜΑΝΣΗ///Ανεμιστήρες:::ΚΛΙΜΑΤΙΣΜΟΣ ΘΕΡΜΑΝΣΗ///Ανεμιστήρες///Υδρονέφωσης,
91,ΚΛΙΜΑΤΙΣΜΟΣ ΘΕΡΜΑΝΣΗ,Ανεμιστήρες,Ορθοστάτης,ΚΛΙΜΑΤΙΣΜΟΣ ΘΕΡΜΑΝΣΗ > Ανεμιστήρες > Ορθοστάτης,https://www.etranoulis.gr/klimatismos-thermansi/anemisthres/orthostatis,,,ΚΛΙΜΑΤΙΣΜΟΣ ΘΕΡΜΑΝΣΗ:::ΚΛΙΜΑΤΙΣΜΟΣ ΘΕΡΜΑΝΣΗ///Ανεμιστήρες:::ΚΛΙΜΑΤΙΣΜΟΣ ΘΕΡΜΑΝΣΗ///Ανεμιστήρες///Ορθοστάτης,
92,ΚΛΙΜΑΤΙΣΜΟΣ ΘΕΡΜΑΝΣΗ,Ανεμιστήρες,Επιτραπέζιοι,ΚΛΙΜΑΤΙΣΜΟΣ ΘΕΡΜΑΝΣΗ > Ανεμιστήρες > Επιτραπέζιοι,https://www.etranoulis.gr/klimatismos-thermansi/anemisthres/epitrapezioi,,,ΚΛΙΜΑΤΙΣΜΟΣ ΘΕΡΜΑΝΣΗ:::ΚΛΙΜΑΤΙΣΜΟΣ ΘΕΡΜΑΝΣΗ///Ανεμιστήρες:::ΚΛΙΜΑΤΙΣΜΟΣ ΘΕΡΜΑΝΣΗ///Ανεμιστήρες///Επιτραπέζιοι,
93,ΚΛΙΜΑΤΙΣΜΟΣ ΘΕΡΜΑΝΣΗ,Ανεμιστήρες,Τοίχου,ΚΛΙΜΑΤΙΣΜΟΣ ΘΕΡΜΑΝΣΗ > Ανεμιστήρες > Τοίχου,https://www.etranoulis.gr/klimatismos-thermansi/anemisthres/an-toixou,,,ΚΛΙΜΑΤΙΣΜΟΣ ΘΕΡΜΑΝΣΗ:::ΚΛΙΜΑΤΙΣΜΟΣ ΘΕΡΜΑΝΣΗ///Ανεμιστήρες:::ΚΛΙΜΑΤΙΣΜΟΣ ΘΕΡΜΑΝΣΗ///Ανεμιστήρες///Τοίχου,
94,ΚΛΙΜΑΤΙΣΜΟΣ ΘΕΡΜΑΝΣΗ,Ανεμιστήρες,Οροφής,ΚΛΙΜΑΤΙΣΜΟΣ ΘΕΡΜΑΝΣΗ > Ανεμιστήρες > Οροφής,https://www.etranoulis.gr/klimatismos-thermansi/anemisthres/orofhs,,,ΚΛΙΜΑΤΙΣΜΟΣ ΘΕΡΜΑΝΣΗ:::ΚΛΙΜΑΤΙΣΜΟΣ ΘΕΡΜΑΝΣΗ///Ανεμιστήρες:::ΚΛΙΜΑΤΙΣΜΟΣ ΘΕΡΜΑΝΣΗ///Ανεμιστήρες///Οροφής,
95,ΚΛΙΜΑΤΙΣΜΟΣ ΘΕΡΜΑΝΣΗ,Ανεμιστήρες,Air Coolers & Επιδαπέδιοι,ΚΛΙΜΑΤΙΣΜΟΣ ΘΕΡΜΑΝΣΗ > Ανεμιστήρες > Air Coolers & Επιδαπέδιοι,https://www.etranoulis.gr/klimatismos-thermansi/anemisthres/aircoolers-epidapedioi,,,ΚΛΙΜΑΤΙΣΜΟΣ ΘΕΡΜΑΝΣΗ:::ΚΛΙΜΑΤΙΣΜΟΣ ΘΕΡΜΑΝΣΗ///Ανεμιστήρες:::ΚΛΙΜΑΤΙΣΜΟΣ ΘΕΡΜΑΝΣΗ///Ανεμιστήρες///Air Coolers & Επιδαπέδιοι,
96,ΚΛΙΜΑΤΙΣΜΟΣ ΘΕΡΜΑΝΣΗ,Θερμαντικά,Ηλεκτρικά Υποστρώματα,ΚΛΙΜΑΤΙΣΜΟΣ ΘΕΡΜΑΝΣΗ > Θερμαντικά > Ηλεκτρικά Υποστρώματα,https://www.etranoulis.gr/index.php?route=product/category&path=194_197_311,,,ΚΛΙΜΑΤΙΣΜΟΣ ΘΕΡΜΑΝΣΗ:::ΚΛΙΜΑΤΙΣΜΟΣ ΘΕΡΜΑΝΣΗ///Θερμαντικά:::ΚΛΙΜΑΤΙΣΜΟΣ ΘΕΡΜΑΝΣΗ///Θερμαντικά///Ηλεκτρικά Υποστρώματα,
97,ΚΛΙΜΑΤΙΣΜΟΣ ΘΕΡΜΑΝΣΗ,Θερμαντικά,Θερμάστρες Carbon,ΚΛΙΜΑΤΙΣΜΟΣ ΘΕΡΜΑΝΣΗ > Θερμαντικά > Θερμάστρες Carbon,https://www.etranoulis.gr/index.php?route=product/category&path=194_197_312,,,ΚΛΙΜΑΤΙΣΜΟΣ ΘΕΡΜΑΝΣΗ:::ΚΛΙΜΑΤΙΣΜΟΣ ΘΕΡΜΑΝΣΗ///Θερμαντικά:::ΚΛΙΜΑΤΙΣΜΟΣ ΘΕΡΜΑΝΣΗ///Θερμαντικά///Θερμάστρες Carbon,
98,ΚΛΙΜΑΤΙΣΜΟΣ ΘΕΡΜΑΝΣΗ,Θερμαντικά,Θερμάστρες Πετρελαίου,ΚΛΙΜΑΤΙΣΜΟΣ ΘΕΡΜΑΝΣΗ > Θερμαντικά > Θερμάστρες Πετρελαίου,https://www.etranoulis.gr/klimatismos-thermansi/thermantika/thermastres-petrelaiou,,,ΚΛΙΜΑΤΙΣΜΟΣ ΘΕΡΜΑΝΣΗ:::ΚΛΙΜΑΤΙΣΜΟΣ ΘΕΡΜΑΝΣΗ///Θερμαντικά:::ΚΛΙΜΑΤΙΣΜΟΣ ΘΕΡΜΑΝΣΗ///Θερμαντικά///Θερμάστρες Πετρελαίου,
99,ΚΛΙΜΑΤΙΣΜΟΣ ΘΕΡΜΑΝΣΗ,Θερμαντικά,Καλοριφέρ,ΚΛΙΜΑΤΙΣΜΟΣ ΘΕΡΜΑΝΣΗ > Θερμαντικά > Καλοριφέρ,https://www.etranoulis.gr/klimatismos-thermansi/thermantika/kalorifer,,,ΚΛΙΜΑΤΙΣΜΟΣ ΘΕΡΜΑΝΣΗ:::ΚΛΙΜΑΤΙΣΜΟΣ ΘΕΡΜΑΝΣΗ///Θερμαντικά:::ΚΛΙΜΑΤΙΣΜΟΣ ΘΕΡΜΑΝΣΗ///Θερμαντικά///Καλοριφέρ,
100,ΚΛΙΜΑΤΙΣΜΟΣ ΘΕΡΜΑΝΣΗ,Θερμαντικά,Θερμοπομποί,ΚΛΙΜΑΤΙΣΜΟΣ ΘΕΡΜΑΝΣΗ > Θερμαντικά > Θερμοπομποί,https://www.etranoulis.gr/klimatismos-thermansi/thermantika/thermopompoi,,,ΚΛΙΜΑΤΙΣΜΟΣ ΘΕΡΜΑΝΣΗ:::ΚΛΙΜΑΤΙΣΜΟΣ ΘΕΡΜΑΝΣΗ///Θερμαντικά:::ΚΛΙΜΑΤΙΣΜΟΣ ΘΕΡΜΑΝΣΗ///Θερμαντικά///Θερμοπομποί,
101,ΚΛΙΜΑΤΙΣΜΟΣ ΘΕΡΜΑΝΣΗ,Θερμαντικά,Αερόθερμα,ΚΛΙΜΑΤΙΣΜΟΣ ΘΕΡΜΑΝΣΗ > Θερμαντικά > Αερόθερμα,https://www.etranoulis.gr/klimatismos-thermansi/thermantika/aerotherma,,,ΚΛΙΜΑΤΙΣΜΟΣ ΘΕΡΜΑΝΣΗ:::ΚΛΙΜΑΤΙΣΜΟΣ ΘΕΡΜΑΝΣΗ///Θερμαντικά:::ΚΛΙΜΑΤΙΣΜΟΣ ΘΕΡΜΑΝΣΗ///Θερμαντικά///Αερόθερμα,
102,ΚΛΙΜΑΤΙΣΜΟΣ ΘΕΡΜΑΝΣΗ,Θερμαντικά,Θερμαντικά Υγραερίου,ΚΛΙΜΑΤΙΣΜΟΣ ΘΕΡΜΑΝΣΗ > Θερμαντικά > Θερμαντικά Υγραερίου,https://www.etranoulis.gr/klimatismos-thermansi/thermantika/thermantika-ygraeriou,,,ΚΛΙΜΑΤΙΣΜΟΣ ΘΕΡΜΑΝΣΗ:::ΚΛΙΜΑΤΙΣΜΟΣ ΘΕΡΜΑΝΣΗ///Θερμαντικά:::ΚΛΙΜΑΤΙΣΜΟΣ ΘΕΡΜΑΝΣΗ///Θερμαντικά///Θερμαντικά Υγραερίου,
103,ΚΛΙΜΑΤΙΣΜΟΣ ΘΕΡΜΑΝΣΗ,Θερμαντικά,Χαλαζία,ΚΛΙΜΑΤΙΣΜΟΣ ΘΕΡΜΑΝΣΗ > Θερμαντικά > Χαλαζία,https://www.etranoulis.gr/klimatismos-thermansi/thermantika/xalazia,,,ΚΛΙΜΑΤΙΣΜΟΣ ΘΕΡΜΑΝΣΗ:::ΚΛΙΜΑΤΙΣΜΟΣ ΘΕΡΜΑΝΣΗ///Θερμαντικά:::ΚΛΙΜΑΤΙΣΜΟΣ ΘΕΡΜΑΝΣΗ///Θερμαντικά///Χαλαζία,
104,ΚΛΙΜΑΤΙΣΜΟΣ ΘΕΡΜΑΝΣΗ,Θερμαντικά,Ηλεκτρικές Κουβέρτες,ΚΛΙΜΑΤΙΣΜΟΣ ΘΕΡΜΑΝΣΗ > Θερμαντικά > Ηλεκτρικές Κουβέρτες,https://www.etranoulis.gr/klimatismos-thermansi/thermantika/hlektrikes-kouvertes,,,ΚΛΙΜΑΤΙΣΜΟΣ ΘΕΡΜΑΝΣΗ:::ΚΛΙΜΑΤΙΣΜΟΣ ΘΕΡΜΑΝΣΗ///Θερμαντικά:::ΚΛΙΜΑΤΙΣΜΟΣ ΘΕΡΜΑΝΣΗ///Θερμαντικά///Ηλεκτρικές Κουβέρτες,
105,ΚΛΙΜΑΤΙΣΜΟΣ ΘΕΡΜΑΝΣΗ,Αφύγρανση Ιονιστές,Αφυγραντήρες,ΚΛΙΜΑΤΙΣΜΟΣ ΘΕΡΜΑΝΣΗ > Αφύγρανση Ιονιστές > Αφυγραντήρες,https://www.etranoulis.gr/klimatismos-thermansi/afygransh-ionistes/afygranthres,,,ΚΛΙΜΑΤΙΣΜΟΣ ΘΕΡΜΑΝΣΗ:::ΚΛΙΜΑΤΙΣΜΟΣ ΘΕΡΜΑΝΣΗ///Αφύγρανση Ιονιστές:::ΚΛΙΜΑΤΙΣΜΟΣ ΘΕΡΜΑΝΣΗ///Αφύγρανση Ιονιστές///Αφυγραντήρες,
106,ΚΛΙΜΑΤΙΣΜΟΣ ΘΕΡΜΑΝΣΗ,Αφύγρανση Ιονιστές,Καθαριστές Αέρα Ιονιστές,ΚΛΙΜΑΤΙΣΜΟΣ ΘΕΡΜΑΝΣΗ > Αφύγρανση Ιονιστές > Καθαριστές Αέρα Ιονιστές,https://www.etranoulis.gr/klimatismos-thermansi/afygransh-ionistes/katharistes-aera-ionistes,,,ΚΛΙΜΑΤΙΣΜΟΣ ΘΕΡΜΑΝΣΗ:::ΚΛΙΜΑΤΙΣΜΟΣ ΘΕΡΜΑΝΣΗ///Αφύγρανση Ιονιστές:::ΚΛΙΜΑΤΙΣΜΟΣ ΘΕΡΜΑΝΣΗ///Αφύγρανση Ιονιστές///Καθαριστές Αέρα Ιονιστές,
107,ΚΛΙΜΑΤΙΣΜΟΣ ΘΕΡΜΑΝΣΗ,Αφύγρανση Ιονιστές,Αξεσουάρ Αφύγρανσης,ΚΛΙΜΑΤΙΣΜΟΣ ΘΕΡΜΑΝΣΗ > Αφύγρανση Ιονιστές > Αξεσουάρ Αφύγρανσης,https://www.etranoulis.gr/klimatismos-thermansi/afygransh-ionistes/axeouar-afigranshs,,,ΚΛΙΜΑΤΙΣΜΟΣ ΘΕΡΜΑΝΣΗ:::ΚΛΙΜΑΤΙΣΜΟΣ ΘΕΡΜΑΝΣΗ///Αφύγρανση Ιονιστές:::ΚΛΙΜΑΤΙΣΜΟΣ ΘΕΡΜΑΝΣΗ///Αφύγρανση Ιονιστές///Αξεσουάρ Αφύγρανσης,
108,ΚΛΙΜΑΤΙΣΜΟΣ ΘΕΡΜΑΝΣΗ,Αντλίες Θερμότητας,,ΚΛΙΜΑΤΙΣΜΟΣ ΘΕΡΜΑΝΣΗ > Αντλίες Θερμότητας > -,https://www.etranoulis.gr/klimatismos-thermansi/antlies-therm,,,ΚΛΙΜΑΤΙΣΜΟΣ ΘΕΡΜΑΝΣΗ:::ΚΛΙΜΑΤΙΣΜΟΣ ΘΕΡΜΑΝΣΗ///Αντλίες Θερμότητας,
109,ΟΙΚΙΑΚΟΣ ΕΞΟΠΛΙΣΜΟΣ,Σκούπισμα,Σκούπες,ΟΙΚΙΑΚΟΣ ΕΞΟΠΛΙΣΜΟΣ > Σκούπισμα > Σκούπες,https://www.etranoulis.gr/oikiakos-eksoplismos/skoupisma/skoupes,,,ΟΙΚΙΑΚΟΣ ΕΞΟΠΛΙΣΜΟΣ:::ΟΙΚΙΑΚΟΣ ΕΞΟΠΛΙΣΜΟΣ///Σκούπισμα:::ΟΙΚΙΑΚΟΣ ΕΞΟΠΛΙΣΜΟΣ///Σκούπισμα///Σκούπες,
110,ΟΙΚΙΑΚΟΣ ΕΞΟΠΛΙΣΜΟΣ,Σκούπισμα,Σκουπάκια,ΟΙΚΙΑΚΟΣ ΕΞΟΠΛΙΣΜΟΣ > Σκούπισμα > Σκουπάκια,https://www.etranoulis.gr/oikiakos-eksoplismos/skoupisma/skoupakia,,,ΟΙΚΙΑΚΟΣ ΕΞΟΠΛΙΣΜΟΣ:::ΟΙΚΙΑΚΟΣ ΕΞΟΠΛΙΣΜΟΣ///Σκούπισμα:::ΟΙΚΙΑΚΟΣ ΕΞΟΠΛΙΣΜΟΣ///Σκούπισμα///Σκουπάκια,
111,ΟΙΚΙΑΚΟΣ ΕΞΟΠΛΙΣΜΟΣ,Σκούπισμα,Σκούπες Stick,ΟΙΚΙΑΚΟΣ ΕΞΟΠΛΙΣΜΟΣ > Σκούπισμα > Σκούπες Stick,https://www.etranoulis.gr/oikiakos-eksoplismos/skoupisma/skoupes-stick,,,ΟΙΚΙΑΚΟΣ ΕΞΟΠΛΙΣΜΟΣ:::ΟΙΚΙΑΚΟΣ ΕΞΟΠΛΙΣΜΟΣ///Σκούπισμα:::ΟΙΚΙΑΚΟΣ ΕΞΟΠΛΙΣΜΟΣ///Σκούπισμα///Σκούπες Stick,
112,ΟΙΚΙΑΚΟΣ ΕΞΟΠΛΙΣΜΟΣ,Σκούπισμα,Σκούπες Ρομπότ,ΟΙΚΙΑΚΟΣ ΕΞΟΠΛΙΣΜΟΣ > Σκούπισμα > Σκούπες Ρομπότ,https://www.etranoulis.gr/oikiakos-eksoplismos/skoupisma/skoupes-robot,,,ΟΙΚΙΑΚΟΣ ΕΞΟΠΛΙΣΜΟΣ:::ΟΙΚΙΑΚΟΣ ΕΞΟΠΛΙΣΜΟΣ///Σκούπισμα:::ΟΙΚΙΑΚΟΣ ΕΞΟΠΛΙΣΜΟΣ///Σκούπισμα///Σκούπες Ρομπότ,
113,ΟΙΚΙΑΚΟΣ ΕΞΟΠΛΙΣΜΟΣ,Σκούπισμα,Ατμοκαθαριστές,ΟΙΚΙΑΚΟΣ ΕΞΟΠΛΙΣΜΟΣ > Σκούπισμα > Ατμοκαθαριστές,https://www.etranoulis.gr/oikiakos-eksoplismos/skoupisma/atmokathharistes,,,ΟΙΚΙΑΚΟΣ ΕΞΟΠΛΙΣΜΟΣ:::ΟΙΚΙΑΚΟΣ ΕΞΟΠΛΙΣΜΟΣ///Σκούπισμα:::ΟΙΚΙΑΚΟΣ ΕΞΟΠΛΙΣΜΟΣ///Σκούπισμα///Ατμοκαθαριστές,
114,ΟΙΚΙΑΚΟΣ ΕΞΟΠΛΙΣΜΟΣ,Σκούπισμα,Αξεσουάρ-Αναλώσιμα,ΟΙΚΙΑΚΟΣ ΕΞΟΠΛΙΣΜΟΣ > Σκούπισμα > Αξεσουάρ-Αναλώσιμα,https://www.etranoulis.gr/oikiakos-eksoplismos/skoupisma/aksesouar-analwsima,,,ΟΙΚΙΑΚΟΣ ΕΞΟΠΛΙΣΜΟΣ:::ΟΙΚΙΑΚΟΣ ΕΞΟΠΛΙΣΜΟΣ///Σκούπισμα:::ΟΙΚΙΑΚΟΣ ΕΞΟΠΛΙΣΜΟΣ///Σκούπισμα///Αξεσουάρ-Αναλώσιμα,
115,ΟΙΚΙΑΚΟΣ ΕΞΟΠΛΙΣΜΟΣ,Σιδέρωμα,Σίδερα,ΟΙΚΙΑΚΟΣ ΕΞΟΠΛΙΣΜΟΣ > Σιδέρωμα > Σίδερα,https://www.etranoulis.gr/oikiakos-eksoplismos/siderwma/sidera,,,ΟΙΚΙΑΚΟΣ ΕΞΟΠΛΙΣΜΟΣ:::ΟΙΚΙΑΚΟΣ ΕΞΟΠΛΙΣΜΟΣ///Σιδέρωμα:::ΟΙΚΙΑΚΟΣ ΕΞΟΠΛΙΣΜΟΣ///Σιδέρωμα///Σίδερα,
116,ΟΙΚΙΑΚΟΣ ΕΞΟΠΛΙΣΜΟΣ,Σιδέρωμα,Συστήματα Σιδερώματος,ΟΙΚΙΑΚΟΣ ΕΞΟΠΛΙΣΜΟΣ > Σιδέρωμα > Συστήματα Σιδερώματος,https://www.etranoulis.gr/oikiakos-eksoplismos/siderwma/systhmata-siderwmatos,,,ΟΙΚΙΑΚΟΣ ΕΞΟΠΛΙΣΜΟΣ:::ΟΙΚΙΑΚΟΣ ΕΞΟΠΛΙΣΜΟΣ///Σιδέρωμα:::ΟΙΚΙΑΚΟΣ ΕΞΟΠΛΙΣΜΟΣ///Σιδέρωμα///Συστήματα Σιδερώματος,
117,ΟΙΚΙΑΚΟΣ ΕΞΟΠΛΙΣΜΟΣ,Σιδέρωμα,Σιδερώστρες,ΟΙΚΙΑΚΟΣ ΕΞΟΠΛΙΣΜΟΣ > Σιδέρωμα > Σιδερώστρες,https://www.etranoulis.gr/oikiakos-eksoplismos/siderwma/siderwstres,,,ΟΙΚΙΑΚΟΣ ΕΞΟΠΛΙΣΜΟΣ:::ΟΙΚΙΑΚΟΣ ΕΞΟΠΛΙΣΜΟΣ///Σιδέρωμα:::ΟΙΚΙΑΚΟΣ ΕΞΟΠΛΙΣΜΟΣ///Σιδέρωμα///Σιδερώστρες,
118,ΟΙΚΙΑΚΟΣ ΕΞΟΠΛΙΣΜΟΣ,Σιδέρωμα,Αξεσουάρ - Αναλώσιμα,ΟΙΚΙΑΚΟΣ ΕΞΟΠΛΙΣΜΟΣ > Σιδέρωμα > Αξεσουάρ - Αναλώσιμα,https://www.etranoulis.gr/oikiakos-eksoplismos/siderwma/accessories-consumables,,,ΟΙΚΙΑΚΟΣ ΕΞΟΠΛΙΣΜΟΣ:::ΟΙΚΙΑΚΟΣ ΕΞΟΠΛΙΣΜΟΣ///Σιδέρωμα:::ΟΙΚΙΑΚΟΣ ΕΞΟΠΛΙΣΜΟΣ///Σιδέρωμα///Αξεσουάρ - Αναλώσιμα,
119,ΟΙΚΙΑΚΟΣ ΕΞΟΠΛΙΣΜΟΣ,Καφές-Ροφήματα-Χυμοί,Καφετιέρες Espresso,ΟΙΚΙΑΚΟΣ ΕΞΟΠΛΙΣΜΟΣ > Καφές-Ροφήματα-Χυμοί > Καφετιέρες Espresso,https://www.etranoulis.gr/oikiakos-eksoplismos/kafes-rofhmata-xhmoi/kafetieres-espresso,,,ΟΙΚΙΑΚΟΣ ΕΞΟΠΛΙΣΜΟΣ:::ΟΙΚΙΑΚΟΣ ΕΞΟΠΛΙΣΜΟΣ///Καφές-Ροφήματα-Χυμοί:::ΟΙΚΙΑΚΟΣ ΕΞΟΠΛΙΣΜΟΣ///Καφές-Ροφήματα-Χυμοί///Καφετιέρες Espresso,
120,ΟΙΚΙΑΚΟΣ ΕΞΟΠΛΙΣΜΟΣ,Καφές-Ροφήματα-Χυμοί,Καφετιέρες Φίλτρου,ΟΙΚΙΑΚΟΣ ΕΞΟΠΛΙΣΜΟΣ > Καφές-Ροφήματα-Χυμοί > Καφετιέρες Φίλτρου,https://www.etranoulis.gr/oikiakos-eksoplismos/kafes-rofhmata-xhmoi/kafetieres-filtrou,,,ΟΙΚΙΑΚΟΣ ΕΞΟΠΛΙΣΜΟΣ:::ΟΙΚΙΑΚΟΣ ΕΞΟΠΛΙΣΜΟΣ///Καφές-Ροφήματα-Χυμοί:::ΟΙΚΙΑΚΟΣ ΕΞΟΠΛΙΣΜΟΣ///Καφές-Ροφήματα-Χυμοί///Καφετιέρες Φίλτρου,
121,ΟΙΚΙΑΚΟΣ ΕΞΟΠΛΙΣΜΟΣ,Καφές-Ροφήματα-Χυμοί,Φραπιέρες,ΟΙΚΙΑΚΟΣ ΕΞΟΠΛΙΣΜΟΣ > Καφές-Ροφήματα-Χυμοί > Φραπιέρες,https://www.etranoulis.gr/oikiakos-eksoplismos/kafes-rofhmata-xhmoi/frapieres,,,ΟΙΚΙΑΚΟΣ ΕΞΟΠΛΙΣΜΟΣ:::ΟΙΚΙΑΚΟΣ ΕΞΟΠΛΙΣΜΟΣ///Καφές-Ροφήματα-Χυμοί:::ΟΙΚΙΑΚΟΣ ΕΞΟΠΛΙΣΜΟΣ///Καφές-Ροφήματα-Χυμοί///Φραπιέρες,
122,ΟΙΚΙΑΚΟΣ ΕΞΟΠΛΙΣΜΟΣ,Καφές-Ροφήματα-Χυμοί,Στυπτήρια,ΟΙΚΙΑΚΟΣ ΕΞΟΠΛΙΣΜΟΣ > Καφές-Ροφήματα-Χυμοί > Στυπτήρια,https://www.etranoulis.gr/oikiakos-eksoplismos/kafes-rofhmata-xhmoi/stypthria,,,ΟΙΚΙΑΚΟΣ ΕΞΟΠΛΙΣΜΟΣ:::ΟΙΚΙΑΚΟΣ ΕΞΟΠΛΙΣΜΟΣ///Καφές-Ροφήματα-Χυμοί:::ΟΙΚΙΑΚΟΣ ΕΞΟΠΛΙΣΜΟΣ///Καφές-Ροφήματα-Χυμοί///Στυπτήρια,
123,ΟΙΚΙΑΚΟΣ ΕΞΟΠΛΙΣΜΟΣ,Καφές-Ροφήματα-Χυμοί,Αποχυμωτές,ΟΙΚΙΑΚΟΣ ΕΞΟΠΛΙΣΜΟΣ > Καφές-Ροφήματα-Χυμοί > Αποχυμωτές,https://www.etranoulis.gr/oikiakos-eksoplismos/kafes-rofhmata-xhmoi/apoxymwtes,,,ΟΙΚΙΑΚΟΣ ΕΞΟΠΛΙΣΜΟΣ:::ΟΙΚΙΑΚΟΣ ΕΞΟΠΛΙΣΜΟΣ///Καφές-Ροφήματα-Χυμοί:::ΟΙΚΙΑΚΟΣ ΕΞΟΠΛΙΣΜΟΣ///Καφές-Ροφήματα-Χυμοί///Αποχυμωτές,
124,ΟΙΚΙΑΚΟΣ ΕΞΟΠΛΙΣΜΟΣ,Καφές-Ροφήματα-Χυμοί,Αξεσουάρ-Αναλώσιμα-Θερμός,ΟΙΚΙΑΚΟΣ ΕΞΟΠΛΙΣΜΟΣ > Καφές-Ροφήματα-Χυμοί > Αξεσουάρ-Αναλώσιμα-Θερμός,https://www.etranoulis.gr/oikiakos-eksoplismos/kafes-rofhmata-xhmoi/kaf-aksesouar-analwsima-thermos,,,ΟΙΚΙΑΚΟΣ ΕΞΟΠΛΙΣΜΟΣ:::ΟΙΚΙΑΚΟΣ ΕΞΟΠΛΙΣΜΟΣ///Καφές-Ροφήματα-Χυμοί:::ΟΙΚΙΑΚΟΣ ΕΞΟΠΛΙΣΜΟΣ///Καφές-Ροφήματα-Χυμοί///Αξεσουάρ-Αναλώσιμα-Θερμός,
125,ΟΙΚΙΑΚΟΣ ΕΞΟΠΛΙΣΜΟΣ,Συσκευές Κουζίνας,Πολυμίξερ,ΟΙΚΙΑΚΟΣ ΕΞΟΠΛΙΣΜΟΣ > Συσκευές Κουζίνας > Πολυμίξερ,https://www.etranoulis.gr/oikiakos-eksoplismos/syskeues-kouzinas/multimixer,,,ΟΙΚΙΑΚΟΣ ΕΞΟΠΛΙΣΜΟΣ:::ΟΙΚΙΑΚΟΣ ΕΞΟΠΛΙΣΜΟΣ///Συσκευές Κουζίνας:::ΟΙΚΙΑΚΟΣ ΕΞΟΠΛΙΣΜΟΣ///Συσκευές Κουζίνας///Πολυμίξερ,
126,ΟΙΚΙΑΚΟΣ ΕΞΟΠΛΙΣΜΟΣ,Συσκευές Κουζίνας,Διάφορες Συσκευές,ΟΙΚΙΑΚΟΣ ΕΞΟΠΛΙΣΜΟΣ > Συσκευές Κουζίνας > Διάφορες Συσκευές,https://www.etranoulis.gr/oikiakos-eksoplismos/syskeues-kouzinas/diafores-syskeyes,,,ΟΙΚΙΑΚΟΣ ΕΞΟΠΛΙΣΜΟΣ:::ΟΙΚΙΑΚΟΣ ΕΞΟΠΛΙΣΜΟΣ///Συσκευές Κουζίνας:::ΟΙΚΙΑΚΟΣ ΕΞΟΠΛΙΣΜΟΣ///Συσκευές Κουζίνας///Διάφορες Συσκευές,
127,ΟΙΚΙΑΚΟΣ ΕΞΟΠΛΙΣΜΟΣ,Συσκευές Κουζίνας,Κουζινομηχανές,ΟΙΚΙΑΚΟΣ ΕΞΟΠΛΙΣΜΟΣ > Συσκευές Κουζίνας > Κουζινομηχανές,https://www.etranoulis.gr/oikiakos-eksoplismos/syskeues-kouzinas/kouzinomhxanes,,,ΟΙΚΙΑΚΟΣ ΕΞΟΠΛΙΣΜΟΣ:::ΟΙΚΙΑΚΟΣ ΕΞΟΠΛΙΣΜΟΣ///Συσκευές Κουζίνας:::ΟΙΚΙΑΚΟΣ ΕΞΟΠΛΙΣΜΟΣ///Συσκευές Κουζίνας///Κουζινομηχανές,
128,ΟΙΚΙΑΚΟΣ ΕΞΟΠΛΙΣΜΟΣ,Συσκευές Κουζίνας,Μίξερ,ΟΙΚΙΑΚΟΣ ΕΞΟΠΛΙΣΜΟΣ > Συσκευές Κουζίνας > Μίξερ,https://www.etranoulis.gr/oikiakos-eksoplismos/syskeues-kouzinas/mixer,,,ΟΙΚΙΑΚΟΣ ΕΞΟΠΛΙΣΜΟΣ:::ΟΙΚΙΑΚΟΣ ΕΞΟΠΛΙΣΜΟΣ///Συσκευές Κουζίνας:::ΟΙΚΙΑΚΟΣ ΕΞΟΠΛΙΣΜΟΣ///Συσκευές Κουζίνας///Μίξερ,
129,ΟΙΚΙΑΚΟΣ ΕΞΟΠΛΙΣΜΟΣ,Συσκευές Κουζίνας,Κοπτήρια-Ράβδοι,ΟΙΚΙΑΚΟΣ ΕΞΟΠΛΙΣΜΟΣ > Συσκευές Κουζίνας > Κοπτήρια-Ράβδοι,https://www.etranoulis.gr/oikiakos-eksoplismos/syskeues-kouzinas/kopthria-ravdoi,,,ΟΙΚΙΑΚΟΣ ΕΞΟΠΛΙΣΜΟΣ:::ΟΙΚΙΑΚΟΣ ΕΞΟΠΛΙΣΜΟΣ///Συσκευές Κουζίνας:::ΟΙΚΙΑΚΟΣ ΕΞΟΠΛΙΣΜΟΣ///Συσκευές Κουζίνας///Κοπτήρια-Ράβδοι,
130,ΟΙΚΙΑΚΟΣ ΕΞΟΠΛΙΣΜΟΣ,Συσκευές Κουζίνας,Βραστήρες,ΟΙΚΙΑΚΟΣ ΕΞΟΠΛΙΣΜΟΣ > Συσκευές Κουζίνας > Βραστήρες,https://www.etranoulis.gr/oikiakos-eksoplismos/syskeues-kouzinas/vrasthres,,,ΟΙΚΙΑΚΟΣ ΕΞΟΠΛΙΣΜΟΣ:::ΟΙΚΙΑΚΟΣ ΕΞΟΠΛΙΣΜΟΣ///Συσκευές Κουζίνας:::ΟΙΚΙΑΚΟΣ ΕΞΟΠΛΙΣΜΟΣ///Συσκευές Κουζίνας///Βραστήρες,
131,ΟΙΚΙΑΚΟΣ ΕΞΟΠΛΙΣΜΟΣ,Συσκευές Κουζίνας,Μπλέντερ,ΟΙΚΙΑΚΟΣ ΕΞΟΠΛΙΣΜΟΣ > Συσκευές Κουζίνας > Μπλέντερ,https://www.etranoulis.gr/oikiakos-eksoplismos/syskeues-kouzinas/blender,,,ΟΙΚΙΑΚΟΣ ΕΞΟΠΛΙΣΜΟΣ:::ΟΙΚΙΑΚΟΣ ΕΞΟΠΛΙΣΜΟΣ///Συσκευές Κουζίνας:::ΟΙΚΙΑΚΟΣ ΕΞΟΠΛΙΣΜΟΣ///Συσκευές Κουζίνας///Μπλέντερ,
132,ΟΙΚΙΑΚΟΣ ΕΞΟΠΛΙΣΜΟΣ,Συσκευές Κουζίνας,Ζυγαριές Κουζίνας,ΟΙΚΙΑΚΟΣ ΕΞΟΠΛΙΣΜΟΣ > Συσκευές Κουζίνας > Ζυγαριές Κουζίνας,https://www.etranoulis.gr/oikiakos-eksoplismos/syskeues-kouzinas/zygaries-kouzinas,,,ΟΙΚΙΑΚΟΣ ΕΞΟΠΛΙΣΜΟΣ:::ΟΙΚΙΑΚΟΣ ΕΞΟΠΛΙΣΜΟΣ///Συσκευές Κουζίνας:::ΟΙΚΙΑΚΟΣ ΕΞΟΠΛΙΣΜΟΣ///Συσκευές Κουζίνας///Ζυγαριές Κουζίνας,
133,ΟΙΚΙΑΚΟΣ ΕΞΟΠΛΙΣΜΟΣ,Συσκευές Κουζίνας,Ηλεκτρικά μπρίκια,ΟΙΚΙΑΚΟΣ ΕΞΟΠΛΙΣΜΟΣ > Συσκευές Κουζίνας > Ηλεκτρικά μπρίκια,https://www.etranoulis.gr/oikiakos-eksoplismos/syskeues-kouzinas/brikia,,,ΟΙΚΙΑΚΟΣ ΕΞΟΠΛΙΣΜΟΣ:::ΟΙΚΙΑΚΟΣ ΕΞΟΠΛΙΣΜΟΣ///Συσκευές Κουζίνας:::ΟΙΚΙΑΚΟΣ ΕΞΟΠΛΙΣΜΟΣ///Συσκευές Κουζίνας///Ηλεκτρικά μπρίκια,
134,ΟΙΚΙΑΚΟΣ ΕΞΟΠΛΙΣΜΟΣ,Συσκευές Κουζίνας,Κρεατομηχανές,ΟΙΚΙΑΚΟΣ ΕΞΟΠΛΙΣΜΟΣ > Συσκευές Κουζίνας > Κρεατομηχανές,https://www.etranoulis.gr/oikiakos-eksoplismos/syskeues-kouzinas/kreatomhxanes,,,ΟΙΚΙΑΚΟΣ ΕΞΟΠΛΙΣΜΟΣ:::ΟΙΚΙΑΚΟΣ ΕΞΟΠΛΙΣΜΟΣ///Συσκευές Κουζίνας:::ΟΙΚΙΑΚΟΣ ΕΞΟΠΛΙΣΜΟΣ///Συσκευές Κουζίνας///Κρεατομηχανές,
135,ΟΙΚΙΑΚΟΣ ΕΞΟΠΛΙΣΜΟΣ,Προσωπική Φροντίδα,Σεσουάρ,ΟΙΚΙΑΚΟΣ ΕΞΟΠΛΙΣΜΟΣ > Προσωπική Φροντίδα > Σεσουάρ,https://www.etranoulis.gr/oikiakos-eksoplismos/proswpikh-frontida/sesouar,,,ΟΙΚΙΑΚΟΣ ΕΞΟΠΛΙΣΜΟΣ:::ΟΙΚΙΑΚΟΣ ΕΞΟΠΛΙΣΜΟΣ///Προσωπική Φροντίδα:::ΟΙΚΙΑΚΟΣ ΕΞΟΠΛΙΣΜΟΣ///Προσωπική Φροντίδα///Σεσουάρ,
136,ΟΙΚΙΑΚΟΣ ΕΞΟΠΛΙΣΜΟΣ,Προσωπική Φροντίδα,Βούρτσες-Ψαλίδια-ισιωτικά,ΟΙΚΙΑΚΟΣ ΕΞΟΠΛΙΣΜΟΣ > Προσωπική Φροντίδα > Βούρτσες-Ψαλίδια-ισιωτικά,https://www.etranoulis.gr/oikiakos-eksoplismos/proswpikh-frontida/vourtses-psalidia,,,ΟΙΚΙΑΚΟΣ ΕΞΟΠΛΙΣΜΟΣ:::ΟΙΚΙΑΚΟΣ ΕΞΟΠΛΙΣΜΟΣ///Προσωπική Φροντίδα:::ΟΙΚΙΑΚΟΣ ΕΞΟΠΛΙΣΜΟΣ///Προσωπική Φροντίδα///Βούρτσες-Ψαλίδια-ισιωτικά,
137,ΟΙΚΙΑΚΟΣ ΕΞΟΠΛΙΣΜΟΣ,Προσωπική Φροντίδα,Συσκευές Αποτρίχωσης,ΟΙΚΙΑΚΟΣ ΕΞΟΠΛΙΣΜΟΣ > Προσωπική Φροντίδα > Συσκευές Αποτρίχωσης,https://www.etranoulis.gr/oikiakos-eksoplismos/proswpikh-frontida/syskeues-apotrixwshs,,,ΟΙΚΙΑΚΟΣ ΕΞΟΠΛΙΣΜΟΣ:::ΟΙΚΙΑΚΟΣ ΕΞΟΠΛΙΣΜΟΣ///Προσωπική Φροντίδα:::ΟΙΚΙΑΚΟΣ ΕΞΟΠΛΙΣΜΟΣ///Προσωπική Φροντίδα///Συσκευές Αποτρίχωσης,
138,ΟΙΚΙΑΚΟΣ ΕΞΟΠΛΙΣΜΟΣ,Προσωπική Φροντίδα,Κουρευτικές Μηχανές,ΟΙΚΙΑΚΟΣ ΕΞΟΠΛΙΣΜΟΣ > Προσωπική Φροντίδα > Κουρευτικές Μηχανές,https://www.etranoulis.gr/oikiakos-eksoplismos/proswpikh-frontida/koureutikes-mhxanes,,,ΟΙΚΙΑΚΟΣ ΕΞΟΠΛΙΣΜΟΣ:::ΟΙΚΙΑΚΟΣ ΕΞΟΠΛΙΣΜΟΣ///Προσωπική Φροντίδα:::ΟΙΚΙΑΚΟΣ ΕΞΟΠΛΙΣΜΟΣ///Προσωπική Φροντίδα///Κουρευτικές Μηχανές,
139,ΟΙΚΙΑΚΟΣ ΕΞΟΠΛΙΣΜΟΣ,Προσωπική Φροντίδα,Ξυριστικές Μηχανές,ΟΙΚΙΑΚΟΣ ΕΞΟΠΛΙΣΜΟΣ > Προσωπική Φροντίδα > Ξυριστικές Μηχανές,https://www.etranoulis.gr/oikiakos-eksoplismos/proswpikh-frontida/ksyristikes-mhxanes,,,ΟΙΚΙΑΚΟΣ ΕΞΟΠΛΙΣΜΟΣ:::ΟΙΚΙΑΚΟΣ ΕΞΟΠΛΙΣΜΟΣ///Προσωπική Φροντίδα:::ΟΙΚΙΑΚΟΣ ΕΞΟΠΛΙΣΜΟΣ///Προσωπική Φροντίδα///Ξυριστικές Μηχανές,
140,ΟΙΚΙΑΚΟΣ ΕΞΟΠΛΙΣΜΟΣ,Προσωπική Φροντίδα,Ζυγαρίες Σώματος,ΟΙΚΙΑΚΟΣ ΕΞΟΠΛΙΣΜΟΣ > Προσωπική Φροντίδα > Ζυγαρίες Σώματος,https://www.etranoulis.gr/oikiakos-eksoplismos/proswpikh-frontida/zygaries-swmatos,,,ΟΙΚΙΑΚΟΣ ΕΞΟΠΛΙΣΜΟΣ:::ΟΙΚΙΑΚΟΣ ΕΞΟΠΛΙΣΜΟΣ///Προσωπική Φροντίδα:::ΟΙΚΙΑΚΟΣ ΕΞΟΠΛΙΣΜΟΣ///Προσωπική Φροντίδα///Ζυγαρίες Σώματος,
141,ΟΙΚΙΑΚΟΣ ΕΞΟΠΛΙΣΜΟΣ,Μικροί Μάγειρες,Εστίες,ΟΙΚΙΑΚΟΣ ΕΞΟΠΛΙΣΜΟΣ > Μικροί Μάγειρες > Εστίες,https://www.etranoulis.gr/oikiakos-eksoplismos/mikroi-mageires/esties_small,,,ΟΙΚΙΑΚΟΣ ΕΞΟΠΛΙΣΜΟΣ:::ΟΙΚΙΑΚΟΣ ΕΞΟΠΛΙΣΜΟΣ///Μικροί Μάγειρες:::ΟΙΚΙΑΚΟΣ ΕΞΟΠΛΙΣΜΟΣ///Μικροί Μάγειρες///Εστίες,
142,ΟΙΚΙΑΚΟΣ ΕΞΟΠΛΙΣΜΟΣ,Μικροί Μάγειρες,Παρασκευαστής Ποπ Κορν,ΟΙΚΙΑΚΟΣ ΕΞΟΠΛΙΣΜΟΣ > Μικροί Μάγειρες > Παρασκευαστής Ποπ Κορν,https://www.etranoulis.gr/oikiakos-eksoplismos/mikroi-mageires/popcorn-maker,,,ΟΙΚΙΑΚΟΣ ΕΞΟΠΛΙΣΜΟΣ:::ΟΙΚΙΑΚΟΣ ΕΞΟΠΛΙΣΜΟΣ///Μικροί Μάγειρες:::ΟΙΚΙΑΚΟΣ ΕΞΟΠΛΙΣΜΟΣ///Μικροί Μάγειρες///Παρασκευαστής Ποπ Κορν,
143,ΟΙΚΙΑΚΟΣ ΕΞΟΠΛΙΣΜΟΣ,Μικροί Μάγειρες,Φουρνάκια,ΟΙΚΙΑΚΟΣ ΕΞΟΠΛΙΣΜΟΣ > Μικροί Μάγειρες > Φουρνάκια,https://www.etranoulis.gr/oikiakos-eksoplismos/mikroi-mageires/fournakia,,,ΟΙΚΙΑΚΟΣ ΕΞΟΠΛΙΣΜΟΣ:::ΟΙΚΙΑΚΟΣ ΕΞΟΠΛΙΣΜΟΣ///Μικροί Μάγειρες:::ΟΙΚΙΑΚΟΣ ΕΞΟΠΛΙΣΜΟΣ///Μικροί Μάγειρες///Φουρνάκια,
144,ΟΙΚΙΑΚΟΣ ΕΞΟΠΛΙΣΜΟΣ,Μικροί Μάγειρες,Ατμομάγειρες,ΟΙΚΙΑΚΟΣ ΕΞΟΠΛΙΣΜΟΣ > Μικροί Μάγειρες > Ατμομάγειρες,https://www.etranoulis.gr/oikiakos-eksoplismos/mikroi-mageires/atmomageires,,,ΟΙΚΙΑΚΟΣ ΕΞΟΠΛΙΣΜΟΣ:::ΟΙΚΙΑΚΟΣ ΕΞΟΠΛΙΣΜΟΣ///Μικροί Μάγειρες:::ΟΙΚΙΑΚΟΣ ΕΞΟΠΛΙΣΜΟΣ///Μικροί Μάγειρες///Ατμομάγειρες,
145,ΟΙΚΙΑΚΟΣ ΕΞΟΠΛΙΣΜΟΣ,Μικροί Μάγειρες,Τοστιέρες,ΟΙΚΙΑΚΟΣ ΕΞΟΠΛΙΣΜΟΣ > Μικροί Μάγειρες > Τοστιέρες,https://www.etranoulis.gr/oikiakos-eksoplismos/mikroi-mageires/tostieres,,,ΟΙΚΙΑΚΟΣ ΕΞΟΠΛΙΣΜΟΣ:::ΟΙΚΙΑΚΟΣ ΕΞΟΠΛΙΣΜΟΣ///Μικροί Μάγειρες:::ΟΙΚΙΑΚΟΣ ΕΞΟΠΛΙΣΜΟΣ///Μικροί Μάγειρες///Τοστιέρες,
146,ΟΙΚΙΑΚΟΣ ΕΞΟΠΛΙΣΜΟΣ,Μικροί Μάγειρες,Ψηστιέρες - Γκριλιέρες,ΟΙΚΙΑΚΟΣ ΕΞΟΠΛΙΣΜΟΣ > Μικροί Μάγειρες > Ψηστιέρες - Γκριλιέρες,https://www.etranoulis.gr/oikiakos-eksoplismos/mikroi-mageires/pshstieres-gkrilieres,,,ΟΙΚΙΑΚΟΣ ΕΞΟΠΛΙΣΜΟΣ:::ΟΙΚΙΑΚΟΣ ΕΞΟΠΛΙΣΜΟΣ///Μικροί Μάγειρες:::ΟΙΚΙΑΚΟΣ ΕΞΟΠΛΙΣΜΟΣ///Μικροί Μάγειρες///Ψηστιέρες - Γκριλιέρες,
147,ΟΙΚΙΑΚΟΣ ΕΞΟΠΛΙΣΜΟΣ,Μικροί Μάγειρες,Φριτέζες,ΟΙΚΙΑΚΟΣ ΕΞΟΠΛΙΣΜΟΣ > Μικροί Μάγειρες > Φριτέζες,https://www.etranoulis.gr/oikiakos-eksoplismos/mikroi-mageires/fritezes,,,ΟΙΚΙΑΚΟΣ ΕΞΟΠΛΙΣΜΟΣ:::ΟΙΚΙΑΚΟΣ ΕΞΟΠΛΙΣΜΟΣ///Μικροί Μάγειρες:::ΟΙΚΙΑΚΟΣ ΕΞΟΠΛΙΣΜΟΣ///Μικροί Μάγειρες///Φριτέζες,
148,ΟΙΚΙΑΚΟΣ ΕΞΟΠΛΙΣΜΟΣ,Μικροί Μάγειρες,Φρυγανιέρες,ΟΙΚΙΑΚΟΣ ΕΞΟΠΛΙΣΜΟΣ > Μικροί Μάγειρες > Φρυγανιέρες,https://www.etranoulis.gr/oikiakos-eksoplismos/mikroi-mageires/fryganieres,,,ΟΙΚΙΑΚΟΣ ΕΞΟΠΛΙΣΜΟΣ:::ΟΙΚΙΑΚΟΣ ΕΞΟΠΛΙΣΜΟΣ///Μικροί Μάγειρες:::ΟΙΚΙΑΚΟΣ ΕΞΟΠΛΙΣΜΟΣ///Μικροί Μάγειρες///Φρυγανιέρες,
149,ΟΙΚΙΑΚΟΣ ΕΞΟΠΛΙΣΜΟΣ,Μικροί Μάγειρες,Αρτοπαρασκευαστές,ΟΙΚΙΑΚΟΣ ΕΞΟΠΛΙΣΜΟΣ > Μικροί Μάγειρες > Αρτοπαρασκευαστές,https://www.etranoulis.gr/oikiakos-eksoplismos/mikroi-mageires/artoparaskeuastes,,,ΟΙΚΙΑΚΟΣ ΕΞΟΠΛΙΣΜΟΣ:::ΟΙΚΙΑΚΟΣ ΕΞΟΠΛΙΣΜΟΣ///Μικροί Μάγειρες:::ΟΙΚΙΑΚΟΣ ΕΞΟΠΛΙΣΜΟΣ///Μικροί Μάγειρες///Αρτοπαρασκευαστές,
150,ΟΙΚΙΑΚΟΣ ΕΞΟΠΛΙΣΜΟΣ,Μικροί Μάγειρες,Παγωτομηχανές,ΟΙΚΙΑΚΟΣ ΕΞΟΠΛΙΣΜΟΣ > Μικροί Μάγειρες > Παγωτομηχανές,https://www.etranoulis.gr/oikiakos-eksoplismos/mikroi-mageires/pagwtomhxanes,,,ΟΙΚΙΑΚΟΣ ΕΞΟΠΛΙΣΜΟΣ:::ΟΙΚΙΑΚΟΣ ΕΞΟΠΛΙΣΜΟΣ///Μικροί Μάγειρες:::ΟΙΚΙΑΚΟΣ ΕΞΟΠΛΙΣΜΟΣ///Μικροί Μάγειρες///Παγωτομηχανές,
151,ΟΙΚΙΑΚΟΣ ΕΞΟΠΛΙΣΜΟΣ,Σκεύη Μαγειρικής,Σετ,ΟΙΚΙΑΚΟΣ ΕΞΟΠΛΙΣΜΟΣ > Σκεύη Μαγειρικής > Σετ,https://www.etranoulis.gr/oikiakos-eksoplismos/skeuh-mageirikhs/set-utensils,,,ΟΙΚΙΑΚΟΣ ΕΞΟΠΛΙΣΜΟΣ:::ΟΙΚΙΑΚΟΣ ΕΞΟΠΛΙΣΜΟΣ///Σκεύη Μαγειρικής:::ΟΙΚΙΑΚΟΣ ΕΞΟΠΛΙΣΜΟΣ///Σκεύη Μαγειρικής///Σετ,
152,ΟΙΚΙΑΚΟΣ ΕΞΟΠΛΙΣΜΟΣ,Σκεύη Μαγειρικής,Χύτρες Ταχύτητας,ΟΙΚΙΑΚΟΣ ΕΞΟΠΛΙΣΜΟΣ > Σκεύη Μαγειρικής > Χύτρες Ταχύτητας,https://www.etranoulis.gr/oikiakos-eksoplismos/skeuh-mageirikhs/xytres-taxythtas,,,ΟΙΚΙΑΚΟΣ ΕΞΟΠΛΙΣΜΟΣ:::ΟΙΚΙΑΚΟΣ ΕΞΟΠΛΙΣΜΟΣ///Σκεύη Μαγειρικής:::ΟΙΚΙΑΚΟΣ ΕΞΟΠΛΙΣΜΟΣ///Σκεύη Μαγειρικής///Χύτρες Ταχύτητας,
153,ΟΙΚΙΑΚΟΣ ΕΞΟΠΛΙΣΜΟΣ,Σκεύη Μαγειρικής,Χύτρες,ΟΙΚΙΑΚΟΣ ΕΞΟΠΛΙΣΜΟΣ > Σκεύη Μαγειρικής > Χύτρες,https://www.etranoulis.gr/oikiakos-eksoplismos/skeuh-mageirikhs/xytres,,,ΟΙΚΙΑΚΟΣ ΕΞΟΠΛΙΣΜΟΣ:::ΟΙΚΙΑΚΟΣ ΕΞΟΠΛΙΣΜΟΣ///Σκεύη Μαγειρικής:::ΟΙΚΙΑΚΟΣ ΕΞΟΠΛΙΣΜΟΣ///Σκεύη Μαγειρικής///Χύτρες,
154,ΟΙΚΙΑΚΟΣ ΕΞΟΠΛΙΣΜΟΣ,Σκεύη Μαγειρικής,Τηγάνια,ΟΙΚΙΑΚΟΣ ΕΞΟΠΛΙΣΜΟΣ > Σκεύη Μαγειρικής > Τηγάνια,https://www.etranoulis.gr/oikiakos-eksoplismos/skeuh-mageirikhs/thgania,,,ΟΙΚΙΑΚΟΣ ΕΞΟΠΛΙΣΜΟΣ:::ΟΙΚΙΑΚΟΣ ΕΞΟΠΛΙΣΜΟΣ///Σκεύη Μαγειρικής:::ΟΙΚΙΑΚΟΣ ΕΞΟΠΛΙΣΜΟΣ///Σκεύη Μαγειρικής///Τηγάνια,
155,ΟΙΚΙΑΚΟΣ ΕΞΟΠΛΙΣΜΟΣ,Σκεύη Μαγειρικής,Ταψιά,ΟΙΚΙΑΚΟΣ ΕΞΟΠΛΙΣΜΟΣ > Σκεύη Μαγειρικής > Ταψιά,https://www.etranoulis.gr/oikiakos-eksoplismos/skeuh-mageirikhs/tapsia,,,ΟΙΚΙΑΚΟΣ ΕΞΟΠΛΙΣΜΟΣ:::ΟΙΚΙΑΚΟΣ ΕΞΟΠΛΙΣΜΟΣ///Σκεύη Μαγειρικής:::ΟΙΚΙΑΚΟΣ ΕΞΟΠΛΙΣΜΟΣ///Σκεύη Μαγειρικής///Ταψιά,
156,ΟΙΚΙΑΚΟΣ ΕΞΟΠΛΙΣΜΟΣ,Σκεύη Μαγειρικής,Γάστρες,ΟΙΚΙΑΚΟΣ ΕΞΟΠΛΙΣΜΟΣ > Σκεύη Μαγειρικής > Γάστρες,https://www.etranoulis.gr/oikiakos-eksoplismos/skeuh-mageirikhs/gastres,,,ΟΙΚΙΑΚΟΣ ΕΞΟΠΛΙΣΜΟΣ:::ΟΙΚΙΑΚΟΣ ΕΞΟΠΛΙΣΜΟΣ///Σκεύη Μαγειρικής:::ΟΙΚΙΑΚΟΣ ΕΞΟΠΛΙΣΜΟΣ///Σκεύη Μαγειρικής///Γάστρες,
157,ΟΙΚΙΑΚΟΣ ΕΞΟΠΛΙΣΜΟΣ,Σκεύη Μαγειρικής,Μαχαίρια,ΟΙΚΙΑΚΟΣ ΕΞΟΠΛΙΣΜΟΣ > Σκεύη Μαγειρικής > Μαχαίρια,https://www.etranoulis.gr/oikiakos-eksoplismos/skeuh-mageirikhs/maxairia,,,ΟΙΚΙΑΚΟΣ ΕΞΟΠΛΙΣΜΟΣ:::ΟΙΚΙΑΚΟΣ ΕΞΟΠΛΙΣΜΟΣ///Σκεύη Μαγειρικής:::ΟΙΚΙΑΚΟΣ ΕΞΟΠΛΙΣΜΟΣ///Σκεύη Μαγειρικής///Μαχαίρια,
158,ΟΙΚΙΑΚΟΣ ΕΞΟΠΛΙΣΜΟΣ,Σκεύη Μαγειρικής,Διάφορα Σκεύη,ΟΙΚΙΑΚΟΣ ΕΞΟΠΛΙΣΜΟΣ > Σκεύη Μαγειρικής > Διάφορα Σκεύη,https://www.etranoulis.gr/oikiakos-eksoplismos/skeuh-mageirikhs/diafora-skeyh,,,ΟΙΚΙΑΚΟΣ ΕΞΟΠΛΙΣΜΟΣ:::ΟΙΚΙΑΚΟΣ ΕΞΟΠΛΙΣΜΟΣ///Σκεύη Μαγειρικής:::ΟΙΚΙΑΚΟΣ ΕΞΟΠΛΙΣΜΟΣ///Σκεύη Μαγειρικής///Διάφορα Σκεύη,
159,HOBBIES,Electric Scooter,,HOBBIES > Electric Scooter > -,https://www.etranoulis.gr/hobbies/Electric-Scooter,,,HOBBIES:::HOBBIES///Electric Scooter,
160,HOBBIES,Wearables,,HOBBIES > Wearables > -,https://www.etranoulis.gr/hobbies/wearables,,,HOBBIES:::HOBBIES///Wearables,
161,HOBBIES,Barbeque,Αερίου,HOBBIES > Barbeque > Αερίου,https://www.etranoulis.gr/hobbies/barbeque/aeriou,,,HOBBIES:::HOBBIES///Barbeque:::HOBBIES///Barbeque///Αερίου,
162,HOBBIES,Barbeque,Κάρβουνου,HOBBIES > Barbeque > Κάρβουνου,https://www.etranoulis.gr/hobbies/barbeque/karvounou,,,HOBBIES:::HOBBIES///Barbeque:::HOBBIES///Barbeque///Κάρβουνου,
163,HOBBIES,Barbeque,Αξεσουάρ Ψησταριών,HOBBIES > Barbeque > Αξεσουάρ Ψησταριών,https://www.etranoulis.gr/hobbies/barbeque/aksesouar-pshstariwn,,,HOBBIES:::HOBBIES///Barbeque:::HOBBIES///Barbeque///Αξεσουάρ Ψησταριών,
164,HOBBIES,Gaming,Playstation,HOBBIES > Gaming > Playstation,https://www.etranoulis.gr/hobbies/gaming/playstation,,,HOBBIES:::HOBBIES///Gaming:::HOBBIES///Gaming///Playstation,
